time,meas
0,-0.20920240589575795
1,-0.14293318750412076
2,-0.174387360423156
3,-0.22678898479092094
4,-0.2350268983812402
5,-0.20471038441791192
6,-0.16906825682956747
7,-0.1514922793378729
8,-0.1825609544351896
9,-0.1600931948084868
10,-0.12372970516481047
11,-0.10556411394850479
12,-0.1729562540574523
13,-0.1815690235796294
14,-0.24132838419635427
15,-0.13820802147275185
16,-0.1128822981818465
17,-0.057641143102308626
18,0.00925414648019529
19,0.011708640152571045
20,0.0373907909811757
21,0.07077989583775862
22,0.15745387212802509
23,0.1963946703810941
24,0.17881589863585307
25,0.19858168743103072
26,0.13461760574992904
27,0.1035409596725265
28,0.13461574318885772
29,0.19515920395420225
30,0.16807332701908648
31,0.18962844293463665
32,0.28992362141107436
33,0.3294588545504719
34,0.3561584230087776
35,0.4259199249809136
36,0.41716355304618097
37,0.3780852450676833
38,0.3965952331426245
39,0.31168029488379845
40,0.2525705080445338
41,0.22966611727072145
42,0.2322908258421934
43,0.3039189963273814
44,0.2961198807958533
45,0.23204541193154196
46,0.1945422225653327
47,0.2121728775967116
48,0.1494940576513642
49,0.15995619069612976
50,0.10290786872051748
51,0.07691401532083886
52,0.09774694282440194
53,0.015410079478521967
54,-0.0454203452357072
55,-0.08911668112372398
56,-0.03606243831472475
57,-0.016245249988931107
58,0.08657966901589494
59,0.1262194949804869
60,0.16383313671683356
61,0.29670752746179585
62,0.29853241588333435
63,0.284696480258973
64,0.3624410586906524
65,0.41354990492401134
66,0.5500716986100617
67,0.5785191485613962
68,0.5350523865632317
69,0.5153016688346104
70,0.5076278724259573
71,0.4500352456711726
72,0.433680027001447
73,0.40209038448841994
74,0.38420071635569125
75,0.4097021973533031
76,0.36586415361829117
77,0.3748505469294281
78,0.3758701699815336
79,0.374710735098784
80,0.34144071518123237
81,0.3582531862701451
82,0.4005940590337163
83,0.37242860974476094
84,0.3162296644802863
85,0.37110176239390746
86,0.3543306730777176
87,0.35564429218728894
88,0.37174749154347847
89,0.4136628395173911
90,0.42091518632082275
91,0.3932477203618903
92,0.45422288258204296
93,0.45554602310370035
94,0.32300077553222845
95,0.25015846184860946
96,0.2610123123715334
97,0.27550286051689704
98,0.3247424415216245
99,0.38092053877078125
100,0.3448553918227846
101,0.37998660002899437
102,0.3333295236380382
103,0.2875565372060618
104,0.31616964293685207
105,0.26991613404106124
106,0.2984664187002096
107,0.33703030009444346
108,0.3998787412941812
109,0.4143300979141622
110,0.44919706096892453
111,0.47050045530020707
112,0.4602602711481415
113,0.43531310207100093
114,0.451665729963465
115,0.48473517770500213
116,0.4839191810402273
117,0.5348159067774184
118,0.49228045694794026
119,0.45423450391682235
120,0.5109882559955424
121,0.5675966800133859
122,0.5916726807672043
123,0.6387891026852462
124,0.5850364159969118
125,0.4690353738220705
126,0.5484582833386045
127,0.6351147140290174
128,0.6270225858006522
129,0.6706129888741982
130,0.6573758957089254
131,0.6114243167395983
132,0.6410080318769918
133,0.6480282207736183
134,0.68364165491793
135,0.7600659014025172
136,0.8505496495759604
137,0.855798881798657
138,0.8451668638420828
139,0.8268785425440323
140,0.8579564578271406
141,0.8572514594883124
142,0.8044935580568591
143,0.7237758052555626
144,0.6235650964066365
145,0.5800136910348079
146,0.5236108559485988
147,0.47520210480246877
148,0.4988337813311801
149,0.4557223202555952
150,0.4219094700922676
151,0.4218224810739569
152,0.42309745648019076
153,0.5126166495268096
154,0.5281441709153875
155,0.4651626167890286
156,0.45791004189305107
157,0.452800695110988
158,0.3733234299085081
159,0.45824389325598197
160,0.4695580389333461
161,0.5522054147587867
162,0.5661798367231038
163,0.5144846887332691
164,0.5031331234359753
165,0.4950647439485046
166,0.5497763527963674
167,0.5631432863455905
168,0.4468991848208977
169,0.39119350269274983
170,0.45241506406550186
171,0.4345678340687879
172,0.4788894526418948
173,0.6034058631145384
174,0.6221961207463029
175,0.5939484800255643
176,0.7107010011301966
177,0.7101890399171659
178,0.686831322116022
179,0.6660232451582515
180,0.6806152518140431
181,0.6706654555821493
182,0.6527873388985093
183,0.5766640381103517
184,0.5540734889680432
185,0.591131335939067
186,0.5487300825550663
187,0.5601786909342904
188,0.5980694611033398
189,0.6328509565307945
190,0.6185148874709625
191,0.6293581124449603
192,0.6479050160723013
193,0.5924485913896895
194,0.5235003092130517
195,0.5632574742819735
196,0.6118924930240982
197,0.6447108636364727
198,0.6684115487187283
199,0.7014934743908198
200,0.6955791079118326
201,0.7489165726762038
202,0.7638707074293264
203,0.7857161335222571
204,0.7777234197649738
205,0.7269319465761647
206,0.6289814223134176
207,0.6797976225947475
208,0.7908214884043291
209,0.799276666196045
210,0.778032628746712
211,0.8366298824996735
212,0.9023697099756732
213,0.9798682796084772
214,1.1190659626702864
215,1.1292322953309542
216,1.1140002281051449
217,1.082762807096285
218,1.0122822260303228
219,0.9267404772800157
220,0.9094865940052783
221,0.888250710369143
222,0.9413884219544716
223,1.0125985439471656
224,0.9872700888964047
225,0.9104393796318497
226,0.8699826987922743
227,0.8328048934356418
228,0.7994248999247945
229,0.8258738626407687
230,0.8335920749998994
231,0.8504576643503016
232,0.9104006376436976
233,0.9790857126722224
234,0.9978204175441864
235,1.05565995499274
236,1.102868784038724
237,1.1754424249506072
238,1.1752382629876585
239,1.1195153040917494
240,1.0966112014787843
241,1.138377990599254
242,1.1030210080032647
243,1.04441945815137
244,1.127835357995919
245,1.107538588524007
246,1.150145724660826
247,1.0690876394285875
248,1.0882856663379414
249,1.0973559956316368
250,1.0324098775910515
251,0.9883831808201419
252,0.95609248934539
253,0.9482812682308416
254,0.852209647905994
255,0.8756547668828367
256,0.911702416036195
257,0.865614556044115
258,0.8434526381110575
259,0.89467412328865
260,0.8724216250169706
261,0.8489481858568253
262,0.9080668384852536
263,0.8914781521139837
264,0.8831268854779294
265,0.8880790869695787
266,0.9159318429631469
267,0.8337758872397952
268,0.8514427289981178
269,0.9153578364451814
270,0.8620473243197133
271,0.9345273986380721
272,0.9911898672694113
273,0.966112768574977
274,1.0259054636191278
275,1.03472057317151
276,1.0239784378723016
277,0.9674919349266914
278,0.9266585881169844
279,0.836997293455531
280,0.8136351850685863
281,0.7948747236637762
282,0.836940815081314
283,0.7298978284495077
284,0.8170357299273445
285,0.8369554218029698
286,0.8327239648124876
287,0.8827937979150258
288,0.9121665685408051
289,0.9502853544420892
290,0.9239860010865117
291,0.8965693589742385
292,0.8809316380048561
293,0.9020321179687406
294,0.9292259716720827
295,0.8943682208185323
296,0.8838158533938262
297,0.8753494077950941
298,0.8499433742180423
299,0.8568120247072523
300,0.8647057355295431
301,0.9206401599956847
302,1.006120092268621
303,0.9550197709662651
304,0.9532022277773846
305,0.9505726726674534
306,1.0234354806929047
307,0.9761579225188081
308,0.9202810335083464
309,0.8672611492965093
310,0.9187518220786194
311,0.9157208002290532
312,0.9675082313164137
313,1.0208918805010945
314,0.9915731128798019
315,1.0335174392608
316,1.1069162015363108
317,1.1339607418946276
318,1.1256859295772128
319,1.1446654828128515
320,1.153739400303104
321,1.1740530623021446
322,1.144562356290067
323,1.1134711933448995
324,1.0703391471761334
325,0.9920090837967943
326,0.9847812432175351
327,1.0517532595776078
328,1.074068244332872
329,1.067991638905546
330,1.150226530914616
331,1.1893008429095342
332,1.1721139574449064
333,1.203871695009044
334,1.2023512949702402
335,1.205203238680207
336,1.22940630201341
337,1.250531421890093
338,1.2704741480223636
339,1.263285764887891
340,1.2708052408282817
341,1.2807713655436705
342,1.2553577002159257
343,1.1971599624176488
344,1.156645023861884
345,1.1616226618725463
346,1.192236551843545
347,1.2056930533002888
348,1.2951072882090109
349,1.3416912166793475
350,1.3601560796075336
351,1.4058114754759228
352,1.4735752644717701
353,1.4942541053452194
354,1.4853688908041829
355,1.4243885361079536
356,1.4037452657524259
357,1.4352603196182294
358,1.502757754212983
359,1.4586696539322017
360,1.4269155516892562
361,1.4856602255668314
362,1.5017336981591916
363,1.5967142075194134
364,1.676299286024706
365,1.7125862401409502
366,1.780855191685666
367,1.7877283033147868
368,1.8072486788386504
369,1.8899595158508695
370,1.949117701812415
371,1.9690961458042369
372,2.0139678074949434
373,2.044248033816211
374,2.1119451861193297
375,2.0888762318875926
376,2.1133540683948504
377,2.0692242316424014
378,2.010030230164604
379,2.0339793198428864
380,2.064995003873225
381,2.100291769955096
382,2.0686455758247857
383,2.074163112745458
384,2.0243578387034096
385,2.09793174015885
386,2.1558239671780037
387,2.121859532388011
388,2.1041114539842436
389,2.0779601117924846
390,2.1497927511126753
391,2.310339019406343
392,2.3414074930639757
393,2.301246159655293
394,2.2088851775282983
395,2.115744000933713
396,2.0257552161224783
397,2.0311083907572343
398,1.993158584546531
399,1.9837207519163607
400,2.0048246686209126
401,1.9970072918424335
402,1.9652069237792427
403,1.9732908106688394
404,1.9305676309159785
405,1.9026133035152104
406,1.958362837863901
407,2.054556239477634
408,2.123307932721948
409,2.1142094542731034
410,2.1421798175442803
411,2.0951639400331694
412,2.136755290299472
413,2.1617152678092113
414,2.1574559702872915
415,2.144668822025976
416,2.070536584958322
417,2.0856358973552047
418,2.1287609634762683
419,2.151500974086704
420,2.1018860535254826
421,2.0186208686162113
422,2.0874218151749795
423,2.0848864850941307
424,2.145197133720756
425,2.186741799744062
426,2.1408809644578524
427,2.0701674632509195
428,2.0710496743143643
429,2.0676170996185723
430,1.9821433089674023
431,1.9112444388951166
432,1.9023519912941924
433,1.842562417715666
434,1.8086196842435178
435,1.7933447711869126
436,1.8066836814815488
437,1.766784205037944
438,1.8043038482648117
439,1.7914127013771586
440,1.8319713972890397
441,1.859923847482523
442,1.8254816532252265
443,1.7927022969065427
444,1.883061875213048
445,1.8586142597181465
446,1.8045645033488553
447,1.7949040058548664
448,1.7966807487133791
449,1.7453567771274545
450,1.6941135379237147
451,1.7075692422141602
452,1.731274353922932
453,1.7555082021145743
454,1.7068532475337768
455,1.6848685039042017
456,1.6518068925367875
457,1.606192679818959
458,1.5878793652945131
459,1.5501172747372463
460,1.5576866270214553
461,1.5658689658995377
462,1.504207004061039
463,1.4937338082269485
464,1.5198714493870336
465,1.5146276605937243
466,1.434466999727972
467,1.4938151849121322
468,1.4985697666389817
469,1.5010322853244304
470,1.55672281148996
471,1.448061420683027
472,1.458285793502577
473,1.5581575307734397
474,1.501082333230646
475,1.5267031233508548
476,1.4939829383804677
477,1.4684619549491438
478,1.4764132335951847
479,1.530753142821844
480,1.5496241111278515
481,1.600421194360002
482,1.5657213187266326
483,1.5564834173956394
484,1.5577235263899947
485,1.4918407247416536
486,1.4722087076255195
487,1.500977978256295
488,1.5322668114385796
489,1.6402225403378974
490,1.5366808566603811
491,1.4907873933746472
492,1.543561263840262
493,1.4709249922822658
494,1.5364736432814834
495,1.6130268394658605
496,1.6040126588016785
497,1.572296198279054
498,1.5497556415311058
499,1.464719336311401
500,1.3823892871833277
501,1.4136947162681217
502,1.414474438343297
503,1.4991015603378435
504,1.4424230989397953
505,1.3750914504172518
506,1.4128109521791485
507,1.4661902281231574
508,1.5112321510955218
509,1.4420780359292285
510,1.403825982434391
511,1.3682854688148232
512,1.3429805348169899
513,1.279066986357383
514,1.3199032625197216
515,1.3186260607811855
516,1.2881686816418312
517,1.3403037644695253
518,1.3528817571062146
519,1.3467070611437004
520,1.327142412220031
521,1.252216967892217
522,1.2421185576436955
523,1.221771960874303
524,1.2380408432875587
525,1.2495901350743686
526,1.287744570083982
527,1.3388832243524513
528,1.2886800550679811
529,1.2500861625156363
530,1.2696217360590085
531,1.2254748214965807
532,1.2074393582900063
533,1.235552688668172
534,1.1415414084034696
535,1.0584353007599283
536,1.0222335951888721
537,1.0611949623436923
538,1.0063343236172264
539,1.0354146060425986
540,1.0755380714793419
541,1.1131753496066805
542,1.0879641594775615
543,1.0709525142654424
544,1.0653598651478613
545,1.0868082386159374
546,1.119226294381054
547,1.1956038587778501
548,1.264807939309341
549,1.2896382917997924
550,1.2953247720826615
551,1.2614355589169617
552,1.2795779623433814
553,1.2595459190103067
554,1.357794699974047
555,1.4550271497576037
556,1.4611104797346042
557,1.3519451743378381
558,1.361841793076307
559,1.2823721429762334
560,1.2135875172546495
561,1.2517891824105616
562,1.2753613649944062
563,1.274903166735173
564,1.258336094369263
565,1.2362362641571703
566,1.3498505151491769
567,1.339613003158582
568,1.4090923239349138
569,1.4749339151540948
570,1.4003738058978095
571,1.3386445520386006
572,1.4082800040869743
573,1.4188665433972203
574,1.3527888277983904
575,1.3630339984153876
576,1.4044540414531814
577,1.4905250147239753
578,1.4597098496154612
579,1.5041729324690458
580,1.4321112501386468
581,1.4220872790483257
582,1.4168011606859416
583,1.3965122638695935
584,1.3102483013156332
585,1.3021561128624297
586,1.2807920195764393
587,1.2671849292264414
588,1.2235829689784754
589,1.2856220474144235
590,1.389571812869962
591,1.3733613937243756
592,1.4468716969942355
593,1.4666173598290089
594,1.424074198936293
595,1.4466144638287959
596,1.3388523409699564
597,1.3353589938286095
598,1.3504687743185182
599,1.2869544288751908
600,1.2488064354875963
601,1.3064280264372783
602,1.1936926090727888
603,1.1142964131300126
604,1.0686619933494814
605,1.0075726272267125
606,0.9707727919406491
607,0.9772320641415636
608,1.0497684454664764
609,1.0541507218783497
610,0.9961188189650532
611,0.9805914820330348
612,0.9418305823953305
613,0.9153336522248002
614,0.9527072664092826
615,1.0470442142126528
616,0.9952036715806458
617,0.8871566118059035
618,0.8463312417764549
619,0.7984609938898326
620,0.868142530782898
621,0.9014626352031009
622,0.9143947931798849
623,0.8994378983371506
624,0.9009400036640465
625,0.8758942667036522
626,0.9192773583233265
627,0.9060626098450633
628,0.8496932557830398
629,0.7849540932157472
630,0.7950638955436491
631,0.8007852341168562
632,0.8458698433135772
633,0.8925975645212957
634,0.9114687362968535
635,0.9686740729834131
636,0.9676860145786779
637,0.9725974643668256
638,0.9498321706629227
639,0.8748111465702412
640,0.79881506550384
641,0.7769806844242009
642,0.8546516982193134
643,0.9031407662421438
644,0.8869745849803206
645,0.9396463915411972
646,0.9293976267260619
647,0.828596683802153
648,0.795898093481442
649,0.8480889129095622
650,0.7686068708742669
651,0.7849994454454117
652,0.7307532597195898
653,0.7571165100011591
654,0.7703476594979972
655,0.7706953073374584
656,0.7936494875884019
657,0.8770644108875384
658,0.8623467418887956
659,0.7988260241474247
660,0.6807048194001514
661,0.7295190882983353
662,0.632223166125194
663,0.6264353299586133
664,0.5576370625962731
665,0.5913463196709571
666,0.5671088072121134
667,0.5893058126988937
668,0.57496786126593
669,0.5801644572215251
670,0.5543124657821829
671,0.5488818724975806
672,0.5839901400054796
673,0.6149464152109259
674,0.6085851737032019
675,0.68282595194357
676,0.634935651917933
677,0.5843157782719285
678,0.5508000578100152
679,0.512515805333783
680,0.5535628933578585
681,0.5922559897123159
682,0.6665586915927049
683,0.6525168225736113
684,0.6032049939438962
685,0.5870489156756656
686,0.5509982563247027
687,0.5628574784446198
688,0.5858395273225525
689,0.6593992679623131
690,0.6129730508790098
691,0.6047399125798784
692,0.6121025889090723
693,0.6081384299083962
694,0.630961196234028
695,0.6426211833595235
696,0.5802969074587961
697,0.5012621710711583
698,0.6177378312904122
699,0.6379023128877205
700,0.612723393762013
701,0.5878361267821545
702,0.5728923572247837
703,0.5506588750147159
704,0.5197419572335328
705,0.520038368752345
706,0.5302307076851389
707,0.5303833464218761
708,0.5510363980689456
709,0.5441061468585032
710,0.5224729024257515
711,0.5193332493820135
712,0.49861909505568813
713,0.5883824835988798
714,0.6240641692492565
715,0.6178677123614211
716,0.6583761720203886
717,0.6994635975616451
718,0.6259312811762473
719,0.5458863296850252
720,0.4907766633264153
721,0.4837029618416532
722,0.47430948317928107
723,0.4454057195652802
724,0.38976821364134523
725,0.43179368774533544
726,0.4226559946732308
727,0.48399604923667433
728,0.4009729040855334
729,0.3774919921180082
730,0.3967993895251835
731,0.4780343700186454
732,0.4711365521084994
733,0.43265332940027756
734,0.38756926993333163
735,0.43782288251047924
736,0.41040138204180737
737,0.3615186349100335
738,0.3213652236411816
739,0.24305884384068943
740,0.3407765808435726
741,0.2965205332391167
742,0.37916220033131803
743,0.4586780218815994
744,0.4158812824524756
745,0.3732884015762178
746,0.439276577045262
747,0.4783473640521021
748,0.469924076382906
749,0.46728979855121594
750,0.4804820504017912
751,0.47618396363934523
752,0.5706161888501836
753,0.5154332591145304
754,0.4636606782941538
755,0.38864231743145494
756,0.3304551186189713
757,0.24786237324998467
758,0.2447880676133489
759,0.16166932428080238
760,0.11253354924580741
761,0.14291185947752177
762,0.05531380656046676
763,0.037864256500880045
764,0.01126303463891135
765,-0.006754712360468376
766,-0.00566528673062906
767,-0.05492342245620937
768,-0.10847022792073681
769,-0.1729439843089412
770,-0.21702269466922633
771,-0.166471340234174
772,-0.24488733001709784
773,-0.27702566493502706
774,-0.3269554772449978
775,-0.33761283719572505
776,-0.36773230266033247
777,-0.32648855423690665
778,-0.2673022543651996
779,-0.14128202963182845
780,-0.1618403831611746
781,-0.22441715172351576
782,-0.20033633007156287
783,-0.1474862749302502
784,-0.11426307987754886
785,-0.11462755022295948
786,-0.006704819412115039
787,0.03389337095656726
788,0.059249517240373056
789,0.04210028883298953
790,0.03924347126832939
791,0.055455545287296605
792,0.008067222932259947
793,-0.06392770016803605
794,-0.06520513541960188
795,-0.018633711142309405
796,-0.0069034882442025915
797,0.028286112801371617
798,0.04470676950804665
799,0.038469916358978534
800,0.06014054234057424
801,0.08508085961176368
802,0.028906527360390507
803,0.02211379291087119
804,0.04514548928914504
805,-0.016930410710772094
806,-0.05271165313477529
807,-0.02218475068513848
808,0.007691658407553894
809,-0.013019143321399597
810,-0.03681693137879147
811,-0.07693600698802595
812,-0.091015691149817
813,-0.016455064054671856
814,0.07275253552066506
815,0.03923233340444282
816,-0.014679090978994705
817,-0.10057995009244013
818,-0.13703841241783227
819,-0.17206277974472867
820,-0.12564300397095576
821,-0.06842296327964907
822,-0.1287922215134319
823,-0.16265858078670484
824,-0.10097347670139598
825,-0.13048512273982932
826,-0.14442054420642347
827,-0.23853188418207813
828,-0.24669421192973828
829,-0.24109181029671345
830,-0.25931402313725016
831,-0.2407867919365493
832,-0.1261309773348362
833,-0.18618843077113026
834,-0.2833822940886381
835,-0.25368100948200145
836,-0.26651893226614526
837,-0.3311728943650544
838,-0.3349536299451395
839,-0.33326363950045323
840,-0.3543393664737683
841,-0.37294922658520596
842,-0.3644067140006328
843,-0.37979418218576483
844,-0.34559548851633065
845,-0.3521297615092095
846,-0.33441150051626883
847,-0.275304051247997
848,-0.27561533863908694
849,-0.2737312623261582
850,-0.33981379526634864
851,-0.3030835977328823
852,-0.30204380463717695
853,-0.275050304878646
854,-0.32251377160338884
855,-0.33975740442571695
856,-0.3590881078535874
857,-0.3586329589837056
858,-0.452261221620709
859,-0.5661233342720885
860,-0.6577631674230635
861,-0.6986826192724241
862,-0.6644439266927187
863,-0.7132948058200258
864,-0.674710285782105
865,-0.635129759020882
866,-0.5976217955704999
867,-0.5857366053504239
868,-0.5955161173754053
869,-0.5458125211615633
870,-0.5076597322282073
871,-0.5274441203441792
872,-0.511354412523164
873,-0.44916504578958505
874,-0.39779286918804996
875,-0.3579820614065356
876,-0.38808880671118096
877,-0.3560854171782508
878,-0.30881237366311726
879,-0.38547149405833947
880,-0.5106176308081933
881,-0.5389149951184373
882,-0.5741286011427122
883,-0.5351997519754992
884,-0.5200111811572177
885,-0.4647836460969183
886,-0.4251176894038176
887,-0.46605436273544554
888,-0.4309267095580461
889,-0.4676725172102056
890,-0.44431392518396307
891,-0.4411624465168851
892,-0.3780128010405293
893,-0.3814161651539471
894,-0.4106006512756347
895,-0.337845216332462
896,-0.385726337957714
897,-0.35311992183075624
898,-0.33590876409806864
899,-0.32347118849741
900,-0.34028828190632593
901,-0.39973614930018314
902,-0.42626130457659456
903,-0.4022677841070296
904,-0.4513597282067099
905,-0.4491266910840658
906,-0.4182688199796149
907,-0.3102313036006348
908,-0.2399295469057356
909,-0.2533166904026011
910,-0.24998604393030882
911,-0.19026327701506615
912,-0.19403059890562827
913,-0.25546853070092596
914,-0.2621704096900931
915,-0.23302094230709025
916,-0.21093087434641453
917,-0.11284975059554907
918,-0.10515140345195396
919,-0.10332575473425026
920,-0.1135920848103311
921,-0.08165438592008042
922,-0.07828961164753331
923,-0.04603960390267923
924,0.009432000643867103
925,0.11695727280955819
926,0.16866102610305145
927,0.13519485668354148
928,0.13093496110403965
929,0.1484821607026037
930,0.18911367539020194
931,0.21623489210595317
932,0.2760631682602548
933,0.3112888383949822
934,0.4211116852286471
935,0.34745940248206014
936,0.3127673481702958
937,0.3152557586316267
938,0.3384864997608051
939,0.2848221382221229
940,0.30550209742039397
941,0.37469320633367703
942,0.36919288917987514
943,0.305011826312448
944,0.26960358180278104
945,0.2570106156596097
946,0.29275408113274937
947,0.32741868335633756
948,0.3408023018634686
949,0.3502651364377792
950,0.4343299206712478
951,0.42566755729139166
952,0.45337515717693483
953,0.5149527629588264
954,0.4096450749213082
955,0.37879465481577873
956,0.3878917513486237
957,0.4161629400152021
958,0.47641496704442826
959,0.5485216685090646
960,0.4965930370998187
961,0.4246806646085911
962,0.3272688290200184
963,0.30007969704395715
964,0.32252668654062844
965,0.3029236373042397
966,0.25722093458121176
967,0.23574531597961637
968,0.22586261530969703
969,0.1866891890725053
970,0.23440077428386194
971,0.20620055816563357
972,0.18232466017155008
973,0.1475318415813798
974,0.12258316022608273
975,0.08096405512084097
976,0.04653943447099378
977,-0.011443457432580198
978,-0.01276393825685465
979,0.03195042750781077
980,0.05351293732264437
981,0.11397243541232677
982,0.11798157192026999
983,0.10205147854960664
984,0.11811195363350596
985,0.12734807853758304
986,0.20731448755498694
987,0.2529579813134568
988,0.17526877702081425
989,0.15109196321972343
990,0.11797850409587907
991,0.06640609466402507
992,0.05237313237145417
993,0.04536125333702852
994,0.1484485596742422
995,0.14678998117544523
996,0.08990957856775818
997,0.01766242717879631
998,-0.012965203623319113
999,0.04728599644985942
1000,0.05523728184636892
1001,-0.018048508656189545
1002,-0.02025272602677526
1003,-0.025903176224861848
1004,-0.06365746066459586
1005,-0.06166751237583674
1006,-0.04858373562654081
1007,-0.03025392706525514
1008,-0.07932057184276727
1009,-0.0813021686415895
1010,-0.09616184799014137
1011,-0.15271149232725317
1012,-0.15848736533951055
1013,-0.15139771125558316
1014,-0.038639040174855595
1015,-0.01654384725066684
1016,-0.10755043968474748
1017,-0.11169064897441916
1018,-0.04169513946790152
1019,0.0028358018987898245
1020,0.0036345573341566833
1021,-0.02742544745722797
1022,-0.04463544687502895
1023,-0.0761282614293401
1024,-0.11603938104590364
1025,-0.15549698425354988
1026,-0.11257917387461197
1027,-0.05519102536873848
1028,-0.12536366593736725
1029,-0.16784368797677016
1030,-0.13924649783067655
1031,-0.14269233514590546
1032,-0.1291073140289793
1033,-0.08165799139453417
1034,-0.05474355969526169
1035,-0.05626669972444973
1036,-0.022400294242376047
1037,0.05301526172434596
1038,0.10831199423562571
1039,0.12972924104371905
1040,0.1506785224302321
1041,0.20159379352559806
1042,0.2227014978804129
1043,0.2916663655100274
1044,0.19894347247764096
1045,0.14551211588384402
1046,0.19556628134067913
1047,0.1474336651486917
1048,0.1661698407154376
1049,0.26182508933229476
1050,0.2567612460514345
1051,0.2369895539982481
1052,0.28160699882311735
1053,0.31023515888537073
1054,0.308814803515967
1055,0.3253326767075754
1056,0.22321939264491839
1057,0.18504724249651153
1058,0.20083768139066052
1059,0.18367764232280617
1060,0.250407912033325
1061,0.3339505441633861
1062,0.3208139748633108
1063,0.30107845550527307
1064,0.34493586703305706
1065,0.40877116395218505
1066,0.4975619008567348
1067,0.5670366999761092
1068,0.5617741182688005
1069,0.5821479348771218
1070,0.6008092278156388
1071,0.6258140136552732
1072,0.6219305465503737
1073,0.6676559853181627
1074,0.6771554808439978
1075,0.5461711969436104
1076,0.4573917060014054
1077,0.4792245477698058
1078,0.41510149441327626
1079,0.40135743006902647
1080,0.40055415107331943
1081,0.3721860117296635
1082,0.3309294356686552
1083,0.3592834590264405
1084,0.393199302779716
1085,0.41411314108210523
1086,0.38553845875880627
1087,0.41528150533534763
1088,0.4612981463957017
1089,0.43809151645302274
1090,0.40537058399339565
1091,0.41720190625043657
1092,0.3883369264964643
1093,0.34980791176486287
1094,0.2536351740722175
1095,0.2299985034122056
1096,0.19687959590898194
1097,0.2738941591759515
1098,0.2664032556587005
1099,0.32254449669575613
1100,0.2507048196428304
1101,0.17653148445285194
1102,0.18080909069596804
1103,0.23173429445317653
1104,0.16621797855196585
1105,0.13552566120536433
1106,0.14440811658240132
1107,0.20783985060391516
1108,0.17849761559643662
1109,0.19047578706202367
1110,0.17727993076721338
1111,0.19414093431061868
1112,0.16771097302071764
1113,0.11755007649192845
1114,0.08162311289237986
1115,0.07707909578563557
1116,0.063380159586052
1117,0.008876687254445481
1118,0.01665845538897628
1119,0.03346882917675749
1120,0.11664602726453267
1121,0.09708531663617744
1122,0.07323391083083473
1123,0.024840589793383053
1124,-0.024424027932474005
1125,-0.06796850021569979
1126,-0.10232926848043487
1127,-0.1302176847117517
1128,-0.20625702925356518
1129,-0.22923994341158443
1130,-0.19685751125444145
1131,-0.23628491538325605
1132,-0.2191960861066518
1133,-0.16522646463924198
1134,-0.18722954093825578
1135,-0.21800589936548126
1136,-0.2246205296364235
1137,-0.29196164857667417
1138,-0.3118247187213315
1139,-0.40683808122450804
1140,-0.3817347429038033
1141,-0.3627135862803045
1142,-0.3204222710029537
1143,-0.2651218677456194
1144,-0.27472394252010873
1145,-0.26147108786378886
1146,-0.26361220048929307
1147,-0.3390138083850142
1148,-0.37477024641307427
1149,-0.37786643672012266
1150,-0.4392460865441136
1151,-0.44659690543747366
1152,-0.4068306536337366
1153,-0.4085061974539659
1154,-0.4067177566379342
1155,-0.35357672142226015
1156,-0.34636572561706475
1157,-0.4176487935962384
1158,-0.4198486550002784
1159,-0.4706275996747782
1160,-0.4642013715693315
1161,-0.4845539350710881
1162,-0.5003187915610248
1163,-0.5024760507109806
1164,-0.5479354225700097
1165,-0.5929069095765926
1166,-0.6324536140342102
1167,-0.6172947246788115
1168,-0.6157789362196714
1169,-0.6925002109811497
1170,-0.6871908309987486
1171,-0.6530696533052054
1172,-0.6287892091604527
1173,-0.6552684101014971
1174,-0.7342027544772086
1175,-0.6699041987968163
1176,-0.6492518439304381
1177,-0.6244274346149665
1178,-0.60377575579592
1179,-0.5754330867067688
1180,-0.5626496050846681
1181,-0.6234995922145433
1182,-0.6044649640786247
1183,-0.6455203229474975
1184,-0.5991948559043234
1185,-0.6256987389589673
1186,-0.7560995965179842
1187,-0.8706536236725868
1188,-0.9122261217588276
1189,-1.0342583919533357
1190,-1.1088750482024474
1191,-1.0986867721379008
1192,-1.1905005972372296
1193,-1.1920190992496056
1194,-1.2316005402971855
1195,-1.2692040502971844
1196,-1.2597166580490922
1197,-1.2318406804148188
1198,-1.223636310563424
1199,-1.1503415945165003
1200,-1.1798576873550712
1201,-1.1528791148524142
1202,-1.0371681029696675
1203,-0.9464602985592225
1204,-0.9548486723254721
1205,-1.0554048274479892
1206,-1.0382850995463941
1207,-1.0196786467229932
1208,-0.979005423253896
1209,-0.97564406498485
1210,-1.0020947487213845
1211,-0.9855740718487407
1212,-0.9347617016328598
1213,-0.8987624937144513
1214,-0.8116171075510228
1215,-0.8166780773529766
1216,-0.8760263777346533
1217,-0.8982720559772122
1218,-0.9437515397462733
1219,-0.9450829860782406
1220,-0.9371626737556605
1221,-0.8577985923365247
1222,-0.8382635852883508
1223,-0.8443831781915544
1224,-0.8887505368443651
1225,-0.8157141348255418
1226,-0.814704096121192
1227,-0.7667307545319181
1228,-0.7864765793129798
1229,-0.8211239521022596
1230,-0.8175993805026145
1231,-0.7736374751596514
1232,-0.7313379207496875
1233,-0.7619630750029037
1234,-0.690816695012122
1235,-0.7187416438905789
1236,-0.7117611715432237
1237,-0.6957658005203609
1238,-0.7414765811887452
1239,-0.7192705600551899
1240,-0.7039971648840962
1241,-0.7172124444617951
1242,-0.712719413020179
1243,-0.7286293347004091
1244,-0.6495975894297843
1245,-0.6349749360944429
1246,-0.7024526631420692
1247,-0.7445943541461284
1248,-0.6744203200597092
1249,-0.664678636559926
1250,-0.7064567142986422
1251,-0.7123077037346578
1252,-0.6927410355726554
1253,-0.7183580284283855
1254,-0.7706095697458032
1255,-0.8569156522269674
1256,-0.9329882153835547
1257,-0.8927192657088319
1258,-0.9319612062360082
1259,-0.9230800721943797
1260,-0.8511512303165277
1261,-0.8130305688472611
1262,-0.7969777405410707
1263,-0.7613016740300075
1264,-0.7584197079267327
1265,-0.8347446474723563
1266,-0.8876109420298197
1267,-0.8997981860089893
1268,-0.8810945689288822
1269,-0.9037460013554046
1270,-0.9674941663663125
1271,-1.0148130501969608
1272,-1.046557837908444
1273,-1.0941668729744227
1274,-1.0302604792023493
1275,-0.9491346990399233
1276,-0.8391074839254375
1277,-0.8657305438889651
1278,-0.8263621524829199
1279,-0.8214921618785989
1280,-0.7837324585754534
1281,-0.8215810077106666
1282,-0.7898067985893612
1283,-0.8005141568675785
1284,-0.8055615737416528
1285,-0.8734373453546168
1286,-0.8816478853759068
1287,-0.910374115868352
1288,-0.848648023716367
1289,-0.8291065063572355
1290,-0.8805987732334007
1291,-0.8929105630817445
1292,-0.8696627151805949
1293,-0.838342525049849
1294,-0.8304506838367336
1295,-0.8674546909724818
1296,-0.8701971908449866
1297,-0.9171282663733197
1298,-0.8496462851053921
1299,-0.8657161149619854
1300,-0.8771722026855295
1301,-0.790860884350349
1302,-0.7281403567153175
1303,-0.6772166922020361
1304,-0.7027707859037692
1305,-0.69790549591769
1306,-0.7416741570390037
1307,-0.692120389067888
1308,-0.736521019639963
1309,-0.776420808872767
1310,-0.7279557600401995
1311,-0.7497002012716557
1312,-0.723958227322815
1313,-0.6630195840873544
1314,-0.7563023233640944
1315,-0.7913318305735345
1316,-0.8477062894313254
1317,-0.932745317172326
1318,-0.8884890256414555
1319,-0.8266028545293128
1320,-0.8259183707345384
1321,-0.8431628112984186
1322,-0.7995724106739038
1323,-0.7415423842643977
1324,-0.7593856958062872
1325,-0.7796931374298361
1326,-0.7529132929124966
1327,-0.7838331098355715
1328,-0.6719163005062917
1329,-0.5902893021997446
1330,-0.5933168788577343
1331,-0.6334128715480216
1332,-0.6224132151428582
1333,-0.6523077584317126
1334,-0.7568141747102373
1335,-0.6813926646193796
1336,-0.7270089105793619
1337,-0.7235390255649996
1338,-0.7136934129125583
1339,-0.6650090962778057
1340,-0.6291871354089643
1341,-0.6102111831421199
1342,-0.6183603660311231
1343,-0.58604938109258
1344,-0.5956693854873651
1345,-0.5051395317631198
1346,-0.5456187580676112
1347,-0.5761572445333482
1348,-0.5316090215238181
1349,-0.5411803224461949
1350,-0.5160234066932067
1351,-0.5476948790334673
1352,-0.6006100271627539
1353,-0.5888444547765059
1354,-0.5505850919029315
1355,-0.5116851878687397
1356,-0.4516104360833348
1357,-0.5002671624368141
1358,-0.47050822919115814
1359,-0.4375592798812948
1360,-0.3925589712870032
1361,-0.37167469193889185
1362,-0.47127404302531123
1363,-0.4951019706469339
1364,-0.5681555200492284
1365,-0.560121990776249
1366,-0.5530186666745368
1367,-0.5728430812773647
1368,-0.6155986201301967
1369,-0.6530058470851198
1370,-0.5841169531894284
1371,-0.5710875712316801
1372,-0.5825618360272383
1373,-0.5174688981868608
1374,-0.5450894917240164
1375,-0.5654495230421548
1376,-0.5089706826332795
1377,-0.5745322068687827
1378,-0.5746550833184054
1379,-0.5897783924972396
1380,-0.625860472579111
1381,-0.6483897749375123
1382,-0.6744634079490087
1383,-0.7228368304169169
1384,-0.7223004961053614
1385,-0.7077556926521876
1386,-0.749949584828976
1387,-0.8123865732029516
1388,-0.7714950126591377
1389,-0.7568838199577133
1390,-0.7497169446762993
1391,-0.7310336603454568
1392,-0.6854276561839993
1393,-0.5831140545619294
1394,-0.5132083588961411
1395,-0.4237557063211056
1396,-0.3908768271775644
1397,-0.49601095409734414
1398,-0.4875046619862366
1399,-0.42088597875471523
1400,-0.4001622102970663
1401,-0.47578967459647803
1402,-0.5066391602740663
1403,-0.520729264469322
1404,-0.5647347129273264
1405,-0.5284934645192564
1406,-0.5602287314003017
1407,-0.6047259352789031
1408,-0.5583181216298285
1409,-0.5745238798696962
1410,-0.6172787055441502
1411,-0.5859323623667055
1412,-0.6074704882771333
1413,-0.5432971993492148
1414,-0.5534167241737681
1415,-0.5692906679938451
1416,-0.5578426856045896
1417,-0.5597072753969667
1418,-0.500642334090203
1419,-0.48675334477374593
1420,-0.43998971748116694
1421,-0.41335877981698044
1422,-0.39826928182553195
1423,-0.3879244433861854
1424,-0.480099154288039
1425,-0.44244946628903103
1426,-0.3972073360108864
1427,-0.3172634186450378
1428,-0.3277396266642211
1429,-0.29391572911004316
1430,-0.3310028545538608
1431,-0.3213266581879922
1432,-0.40347096143908895
1433,-0.44219635767076293
1434,-0.44346458758124724
1435,-0.45110209374896487
1436,-0.447158892669653
1437,-0.38467297346538637
1438,-0.363431236556931
1439,-0.4055571174116559
1440,-0.46371005782050195
1441,-0.4630046131440116
1442,-0.4553563024703641
1443,-0.4780504198668571
1444,-0.5178608875684859
1445,-0.47533644374408685
1446,-0.47045005533809203
1447,-0.5250882969880689
1448,-0.4787824810807979
1449,-0.43094069959804104
1450,-0.3840850177461099
1451,-0.3992772680186399
1452,-0.43310391194088654
1453,-0.4019103833685479
1454,-0.37762712771686
1455,-0.3673908412971236
1456,-0.41889271918222126
1457,-0.4472065968307102
1458,-0.39209423572260954
1459,-0.3526986092219546
1460,-0.45296906654176083
1461,-0.5205910724052789
1462,-0.658714432874502
1463,-0.7302981583649937
1464,-0.8020248816770721
1465,-0.7483028743494271
1466,-0.7117545218624961
1467,-0.6724106224322476
1468,-0.6402925282506672
1469,-0.6192563802618325
1470,-0.6457169164711989
1471,-0.5743699793037423
1472,-0.48742143847599034
1473,-0.5018067577463661
1474,-0.5546854325167756
1475,-0.5740997260569417
1476,-0.5359224219433513
1477,-0.501352238165411
1478,-0.46605099037319514
1479,-0.4863618533912566
1480,-0.49519469322184073
1481,-0.48598437049708215
1482,-0.4929000629145578
1483,-0.4864280616492711
1484,-0.512560615541253
1485,-0.4712563938180082
1486,-0.39355896949979996
1487,-0.357016422117949
1488,-0.3134370070165137
1489,-0.2943203743430022
1490,-0.2742865858538664
1491,-0.29501982451070075
1492,-0.2746274300803383
1493,-0.27539987213350803
1494,-0.3410918040566354
1495,-0.3762045704818598
1496,-0.3950091363683069
1497,-0.36077502637275805
1498,-0.3459993098330842
1499,-0.3653463908504691
1500,-0.3256205164644743
1501,-0.3047623208607614
1502,-0.22328352843598223
1503,-0.24611203153930317
1504,-0.2560809840165666
1505,-0.2971309776705807
1506,-0.3208663866885654
1507,-0.3547729747951305
1508,-0.2904324290909244
1509,-0.2772020459501103
1510,-0.27768618879227575
1511,-0.2611848374918775
1512,-0.20383907898993842
1513,-0.2246315276951497
1514,-0.2886334083997018
1515,-0.2762426448929652
1516,-0.28492399926423706
1517,-0.2964101935500526
1518,-0.28185926725582694
1519,-0.24764809773064242
1520,-0.28045926682121614
1521,-0.27167174043193315
1522,-0.2839055459479535
1523,-0.24753600347950885
1524,-0.26345330435043496
1525,-0.3328245620577031
1526,-0.4363317634559499
1527,-0.45509226405299485
1528,-0.43459822762919553
1529,-0.46888865320595946
1530,-0.43320796324301514
1531,-0.410889400600046
1532,-0.4291673023221732
1533,-0.4433126152576676
1534,-0.4776473021105483
1535,-0.48996369001150125
1536,-0.49863419773036183
1537,-0.458807861828651
1538,-0.4057442863092244
1539,-0.4133913108161784
1540,-0.4170029047273975
1541,-0.46865047277605104
1542,-0.4481994108446131
1543,-0.41671990563058736
1544,-0.345033483809142
1545,-0.327932562388583
1546,-0.2750029482935244
1547,-0.24175536147860555
1548,-0.2571387941911341
1549,-0.218573356573217
1550,-0.1516132899218193
1551,-0.11767713918024864
1552,-0.07749365596536004
1553,-0.10245999509497968
1554,-0.1182168099450331
1555,-0.13401351866493105
1556,-0.15510481700476472
1557,-0.16658909385103213
1558,-0.18557991485894854
1559,-0.09626747700034186
1560,-0.1250355316993263
1561,-0.12947562889332528
1562,-0.04976630185320216
1563,0.03609059851565421
1564,0.05223714006011583
1565,0.01647326771199762
1566,0.08318904123089468
1567,0.14290165071480423
1568,0.07577425031134065
1569,0.13373137678606206
1570,0.1611015317356785
1571,0.1775503391560502
1572,0.18747675258964752
1573,0.16098840500154502
1574,0.17200330245874634
1575,0.20635063082241512
1576,0.2502277476762931
1577,0.19108281750520917
1578,0.07285241366958402
1579,0.011172510563775802
1580,0.04252765340405043
1581,0.004687257397899682
1582,-0.03119653482877728
1583,-0.047899200448798175
1584,-0.041639322123330325
1585,-0.048102410020699087
1586,-0.04110269254615068
1587,-0.010855601604125997
1588,-0.07629599368009288
1589,-0.1400142236176009
1590,-0.11732334143205028
1591,-0.09065012013022199
1592,-0.014520581037018252
1593,0.03512791509594765
1594,0.14250043223784117
1595,0.18831805518281147
1596,0.1524467474445168
1597,0.13117003215771725
1598,0.1650977987300387
1599,0.14283390457263975
1600,0.19967398359758595
1601,0.2254365572869996
1602,0.26607889238100035
1603,0.23557175241522196
1604,0.14372857791974233
1605,0.053923437207862565
1606,0.1468995025112521
1607,0.2649294666737612
1608,0.2131726289879747
1609,0.24148783650736574
1610,0.30965715105956854
1611,0.322181660092761
1612,0.3353839792884607
1613,0.3672321217465931
1614,0.32504860537519553
1615,0.2999234591346454
1616,0.17071303006203603
1617,0.24458662221123537
1618,0.25981747503789565
1619,0.2520772713158945
1620,0.22720546879931627
1621,0.289171238245124
1622,0.2440179169466271
1623,0.28318764175506433
1624,0.26471879212125476
1625,0.20530061019995324
1626,0.19450287758867787
1627,0.2270009809502629
1628,0.2794506384171947
1629,0.3071536439594359
1630,0.2971572269535526
1631,0.24184768694503841
1632,0.1375056054354402
1633,0.1711198521996572
1634,0.19147463473761211
1635,0.22981103804758854
1636,0.22162015805863772
1637,0.2337767333080101
1638,0.3107353377469857
1639,0.3005776562468413
1640,0.28202851552729546
1641,0.2431686403784383
1642,0.29605549366501205
1643,0.3368410726816847
1644,0.2586098315613693
1645,0.16805384382997968
1646,0.18929203669343295
1647,0.1913641341508887
1648,0.13862681222999507
1649,0.10346186353849234
1650,0.10129015965321074
1651,0.16086166763120213
1652,0.1904865187670627
1653,0.17717004238277587
1654,0.2183317502256117
1655,0.16711310113346126
1656,0.08897140316000518
1657,0.05381164938469254
1658,0.10388045165578286
1659,0.10341339080130617
1660,0.08459494740039714
1661,0.12748881204197066
1662,0.11699021968095907
1663,0.08921795746911018
1664,0.04467122250973371
1665,0.04755504351778243
1666,-0.030842575056426586
1667,-0.051795943990883025
1668,-0.021855252481458465
1669,-0.07596428050917438
1670,-0.17273982390551246
1671,-0.2139601254401853
1672,-0.27335918203197573
1673,-0.29338296396015545
1674,-0.3108467191823015
1675,-0.4491737056205649
1676,-0.46870550253594423
1677,-0.5212314877388519
1678,-0.5152397844759589
1679,-0.5185700630552988
1680,-0.4489863181170625
1681,-0.33672947920196844
1682,-0.3701217983454175
1683,-0.30979144482808013
1684,-0.3486971230598539
1685,-0.3707599332327073
1686,-0.33906393188094475
1687,-0.2564687867437562
1688,-0.3277596454699316
1689,-0.3909615985618367
1690,-0.4326134177303349
1691,-0.2905073609899532
1692,-0.2573622790717518
1693,-0.22268087311977577
1694,-0.24660578615338108
1695,-0.3009768679297786
1696,-0.41464397742894743
1697,-0.504835016864791
1698,-0.526376596983639
1699,-0.5938338751571725
1700,-0.546024490212765
1701,-0.4883276768651742
1702,-0.4930929450293523
1703,-0.4910622179949676
1704,-0.5099668342511297
1705,-0.47619411539723855
1706,-0.45456514327322906
1707,-0.4726723600531431
1708,-0.5177911484598524
1709,-0.37682614614148335
1710,-0.3284119497365354
1711,-0.3471886143258139
1712,-0.31427605087010807
1713,-0.24235254700224226
1714,-0.22039696041617268
1715,-0.2268253683811746
1716,-0.19014502634996405
1717,-0.24784083067420817
1718,-0.26577598672353664
1719,-0.22991806041054114
1720,-0.17038996527261138
1721,-0.09185126525656923
1722,-0.031020533586144577
1723,-0.05407423603266259
1724,0.02662464334710515
1725,0.01839058289843962
1726,0.0434655325650712
1727,-0.06355223858124463
1728,-0.06986492279681847
1729,-0.12806958670350105
1730,-0.16356835852409818
1731,-0.20628966706127191
1732,-0.2484479320200605
1733,-0.27170619212203484
1734,-0.22391159463710736
1735,-0.1934487449373904
1736,-0.21250671600872245
1737,-0.18410627671458638
1738,-0.20863841008679035
1739,-0.23034971608942398
1740,-0.17398150825273526
1741,-0.1950372277750821
1742,-0.15311039771471205
1743,-0.172822500905453
1744,-0.24041139804294914
1745,-0.32809973415158966
1746,-0.2888018392490275
1747,-0.26518085643304085
1748,-0.2407132012457733
1749,-0.17282591556265758
1750,-0.15126183253039135
1751,-0.15948972107574855
1752,-0.13503324372972494
1753,-0.1547798436568267
1754,-0.19010647252633808
1755,-0.3014777849149543
1756,-0.3384934367164822
1757,-0.2941080676256592
1758,-0.24228970651957316
1759,-0.18227150422101812
1760,-0.1736996410041905
1761,-0.2200965177534728
1762,-0.22298152335982702
1763,-0.263425941541062
1764,-0.22400665085809196
1765,-0.19936052010721156
1766,-0.1682194170458981
1767,-0.19086068208210527
1768,-0.1946545138370725
1769,-0.1315493160012531
1770,-0.1727779440569594
1771,-0.16767693563221592
1772,-0.2525447621813458
1773,-0.24138107780587098
1774,-0.1919513518862321
1775,-0.13097402936100214
1776,-0.1420584174638942
1777,-0.25061993571163244
1778,-0.22068881490400702
1779,-0.2021681990048187
1780,-0.16505698817762637
1781,-0.06711557531863716
1782,-0.05535675183325588
1783,-0.002907149456736779
1784,0.04075200797028157
1785,0.029222793928064487
1786,0.0006772008853721813
1787,-0.05379934460669282
1788,-0.12202281334189026
1789,-0.10021852586325548
1790,-0.14517297591988226
1791,-0.13582039815773522
1792,-0.03606905395263069
1793,-0.01932728914911227
1794,0.0068223441327796034
1795,0.10869437151832693
1796,0.09346365148351417
1797,0.07692258196249839
1798,0.04099557084455436
1799,0.035265089103812736
1800,0.06698102588345227
1801,0.11976751247755187
1802,0.17191736358052082
1803,0.15994481548736023
1804,0.1696218380358968
1805,0.1843748594824068
1806,0.17595809460325762
1807,0.22003792976677533
1808,0.2402209356614675
1809,0.24719170147387848
1810,0.2339723724732758
1811,0.27787086299251734
1812,0.273098735958024
1813,0.23005944233009892
1814,0.2304327684437895
1815,0.29962072621949704
1816,0.256806571907273
1817,0.31728362473365057
1818,0.28457114362304226
1819,0.23476821552907126
1820,0.18956795758162454
1821,0.1629528582282116
1822,0.17079151114450944
1823,0.15030265150870525
1824,0.1299648859897127
1825,0.1251916778156772
1826,0.09186627960372183
1827,0.13247125781710015
1828,0.17846901526687103
1829,0.15709911074130486
1830,0.09875527706210385
1831,0.016756423866063585
1832,-0.011934094030172846
1833,0.017167842087491034
1834,-0.02033844908647511
1835,0.0054675783097184166
1836,0.06877074300208184
1837,0.08721443208509509
1838,0.09498529999286234
1839,0.0564145474178869
1840,0.01620529245238037
1841,0.06410934304922539
1842,0.03907679759777579
1843,0.02278492015116128
1844,0.074784688972508
1845,0.1017767901861471
1846,0.14053738945528516
1847,0.20627849708512938
1848,0.21365663638531773
1849,0.2552214200370807
1850,0.3342682342703249
1851,0.2698424036823942
1852,0.35193387029964035
1853,0.4083451307973147
1854,0.4066768159691203
1855,0.34850062655182773
1856,0.3274195710946249
1857,0.3299167484330083
1858,0.44313070923764386
1859,0.4458892141485871
1860,0.41820137550217734
1861,0.5375155748101362
1862,0.5046831024269417
1863,0.5384394713632134
1864,0.5174167163408275
1865,0.4992132717490536
1866,0.4851913766206421
1867,0.5289934328459168
1868,0.5751367681440771
1869,0.6083271115523496
1870,0.6123080706340833
1871,0.6183172644652067
1872,0.5265930232244671
1873,0.4996262247189524
1874,0.5366317199433509
1875,0.5587653060307144
1876,0.6348769010767737
1877,0.5801343722320407
1878,0.5644293978695011
1879,0.4355940460266992
1880,0.44678398935878205
1881,0.49778511990712376
1882,0.5546714799519658
1883,0.5316657702345742
1884,0.5379738897513507
1885,0.592134211205319
1886,0.5824333434159161
1887,0.49354575977558524
1888,0.4820532695594779
1889,0.38864371750836013
1890,0.3993698669555525
1891,0.42774127693900676
1892,0.382073440391288
1893,0.3920829364903906
1894,0.37921373212745246
1895,0.36069243991641575
1896,0.35460025233170367
1897,0.3755299700412794
1898,0.31827021948408313
1899,0.30108158304159
1900,0.2293970501845631
1901,0.19390583642403764
1902,0.137536828849816
1903,0.025976327057630044
1904,0.07477249627191744
1905,0.11292378326147735
1906,0.1539998623217788
1907,0.23742744354255954
1908,0.16757269679791778
1909,0.21597272621266123
1910,0.26822834406595814
1911,0.21378515887642996
1912,0.17058294286759113
1913,0.17327648861533984
1914,0.16248452138622335
1915,0.14312373546013224
1916,0.12872533908697983
1917,0.12933603150837128
1918,0.06265963257101369
1919,0.1015354801037157
1920,0.09005822670316052
1921,0.13021720180947596
1922,0.15768912229902746
1923,0.2098357623138362
1924,0.20034604285661736
1925,0.23545556553842267
1926,0.17289776772925525
1927,0.16519366982818035
1928,0.17545423587481795
1929,0.19345037260235287
1930,0.29046832549639434
1931,0.2795732800329781
1932,0.3989889245841864
1933,0.37905090348376386
1934,0.3278708032736833
1935,0.4329019492563818
1936,0.4407549162627319
1937,0.36925771933331214
1938,0.3058799005979644
1939,0.2638647800460176
1940,0.27007401109539386
1941,0.2831147393422523
1942,0.27434659000500833
1943,0.304622249843913
1944,0.35368986644195743
1945,0.3824750751161455
1946,0.4375357194714042
1947,0.4445872469656517
1948,0.49345991342693724
1949,0.5045003929205637
1950,0.5197443791134406
1951,0.4898864267768028
1952,0.5416536844603288
1953,0.5393145680460005
1954,0.5588590200448283
1955,0.5629670161296696
1956,0.5256139521509684
1957,0.5745975238491849
1958,0.6221377034148401
1959,0.6423172820911514
1960,0.5770421029307552
1961,0.6355837098494044
1962,0.702773414675817
1963,0.7726748477224638
1964,0.8579251726004824
1965,0.8716757259217944
1966,0.8702991214498857
1967,0.8611593578576634
1968,0.8637188540934723
1969,0.9095842869127729
1970,0.8692170849797861
1971,0.8543095948611937
1972,0.8679061074496489
1973,0.8396216084636883
1974,0.8423924903180958
1975,0.8906715986900458
1976,0.9194416944406334
1977,0.7756822425736979
1978,0.8266540028820841
1979,0.9041553166615297
1980,0.9175589535475094
1981,0.8921988912959754
1982,0.8608166053327914
1983,0.806293443361468
1984,0.7694081493814854
1985,0.8896702473724241
1986,0.9804406512491749
1987,0.9711487293540993
1988,0.982256334159477
1989,1.0693459695706435
1990,1.0223172972493677
1991,1.032960677060439
1992,1.0294491284255003
1993,1.063297814237383
1994,1.1578298204348199
1995,1.2083612978985339
1996,1.232711767103864
1997,1.1838081766772668
1998,1.1389418579554282
1999,1.2548727152726664
2000,1.2463729613229155
2001,1.221519006234707
2002,1.1746482807836824
2003,1.0844238259803347
2004,1.032877394928984
2005,1.04987164078303
2006,1.0410497821622497
2007,1.0392483224061613
2008,1.056155591915462
2009,1.0429321428875622
2010,1.0152535874511166
2011,1.053719563609281
2012,0.9662578882905538
2013,0.9788855187532081
2014,1.0156300049269935
2015,1.0452437396827032
2016,1.0267382851397802
2017,0.9944788249526728
2018,0.9540695826108515
2019,0.9396629425869925
2020,0.9217513627065793
2021,0.962329455137731
2022,0.9511802666503665
2023,0.9153690655381467
2024,0.9225355011137389
2025,0.9521777059715472
2026,0.956971141467482
2027,0.9390090152114452
2028,0.889242251225168
2029,0.8990707938778995
2030,0.9358235188612173
2031,0.9842302511851074
2032,0.9463820017098571
2033,0.9596430408412027
2034,0.9848684294178719
2035,0.9222701567435154
2036,0.9173343319938095
2037,0.9440913732357258
2038,0.9521505899231202
2039,0.8894767196882684
2040,0.9362513949631914
2041,1.000818592937742
2042,0.9003960263177098
2043,0.8903427039161543
2044,0.9767465679553871
2045,1.0581336689767769
2046,1.0380519457683401
2047,1.03083121462082
2048,1.0379486009655778
2049,1.0145729586656054
2050,1.0715131647409029
2051,1.0107051658209687
2052,0.9888599400920988
2053,1.0438614753683466
2054,1.0421139975756961
2055,1.0081684882233612
2056,0.9985174518459606
2057,0.9459678864459685
2058,0.8924992050606103
2059,0.9229411346373275
2060,0.9538260302396034
2061,0.9270071195280939
2062,0.9712912943368165
2063,0.9888234811574967
2064,0.9359654759909793
2065,1.00950313774783
2066,1.0269857951871915
2067,1.1230293232262434
2068,1.090675770815867
2069,1.0493028984932686
2070,1.0688345913152775
2071,1.1538967646899758
2072,1.1965804994901075
2073,1.2156721573038434
2074,1.1926952968262687
2075,1.2252214354121922
2076,1.3322092175062528
2077,1.2737574916791117
2078,1.2982335574921788
2079,1.379724962306111
2080,1.3757308932757046
2081,1.3157189383872006
2082,1.2804407464700998
2083,1.3332205412395939
2084,1.3805875155309475
2085,1.40038488810601
2086,1.412548100217766
2087,1.432847562865194
2088,1.4135889384748705
2089,1.3639731234781638
2090,1.3524083618538822
2091,1.4125375296119407
2092,1.4362213427754904
2093,1.5092712563307158
2094,1.5440094327642127
2095,1.592474925784508
2096,1.6561849448040247
2097,1.6119189363109772
2098,1.569818552713282
2099,1.5623583779791088
2100,1.58847521197575
2101,1.6170412175519586
2102,1.6031025308188716
2103,1.6019523445719326
2104,1.6443624154972973
2105,1.5885353462757217
2106,1.551030574640716
2107,1.5055288608978612
2108,1.5486201973309268
2109,1.5541922340316325
2110,1.6576783159174058
2111,1.7002869071519544
2112,1.6786640379150057
2113,1.6621449511787811
2114,1.6979220617027948
2115,1.6009411035627907
2116,1.542029255449279
2117,1.5568822699943918
2118,1.5960867635096265
2119,1.6296161065089805
2120,1.6982085681601626
2121,1.6363133601074213
2122,1.6419837723754656
2123,1.7131102911685407
2124,1.6457132310967726
2125,1.6901292754826849
2126,1.7333131847283305
2127,1.748092173317144
2128,1.752511006718331
2129,1.7982205226005625
2130,1.8716696700819964
2131,1.9013875972020475
2132,1.8906433371060134
2133,1.8927491455306042
2134,1.8996590854591617
2135,1.863277097956273
2136,1.8747850528286907
2137,1.8888283980485079
2138,1.8848078447476793
2139,1.9042214677569167
2140,1.900687157005061
2141,1.8944317770863808
2142,1.8874895355911905
2143,1.8528562408464289
2144,1.8620727273338538
2145,1.8776173863505046
2146,1.8760765857284636
2147,1.8845320633752516
2148,1.9078470813268933
2149,1.9759200026854984
2150,2.000290445328802
2151,1.9642339593092164
2152,1.9658398122768224
2153,1.9473855392532164
2154,1.8890978580208735
2155,1.8195191036657083
2156,1.7474847217584863
2157,1.749979746247451
2158,1.6417413639904594
2159,1.5538307637096611
2160,1.5346585424922974
2161,1.5184350493363368
2162,1.5238938745661321
2163,1.5276231783205219
2164,1.488729863317038
2165,1.4758644879033609
2166,1.3520994832839703
2167,1.4402257411311006
2168,1.4342135955569795
2169,1.4793952778794037
2170,1.4836586277737094
2171,1.4262138637064161
2172,1.5222585812242537
2173,1.4756925302454027
2174,1.4281242730060046
2175,1.4878328865442818
2176,1.5615532278660842
2177,1.5277493907690787
2178,1.4930888248705048
2179,1.4922387273855096
2180,1.5482585694807904
2181,1.5958807332261575
2182,1.5541910469397944
2183,1.5876262530975747
2184,1.6376182061593132
2185,1.7529491183940658
2186,1.7490002755845804
2187,1.663488146400756
2188,1.644049314583179
2189,1.5579496520284775
2190,1.5496960172810779
2191,1.5988150235350176
2192,1.5255120675740397
2193,1.5308220768434848
2194,1.5652001111230112
2195,1.60614587136492
2196,1.4761335031124339
2197,1.4328154638854143
2198,1.4948543466001551
2199,1.4600421956786755
2200,1.4856200502662305
2201,1.4970447229121635
2202,1.5241008802998164
2203,1.3961817923171191
2204,1.335475483969656
2205,1.3556411333746359
2206,1.4130435041576719
2207,1.3629124224466511
2208,1.3423795265996983
2209,1.3574817146719136
2210,1.389860588639834
2211,1.3777678994501754
2212,1.3498749627819584
2213,1.405502080703455
2214,1.4193415342092783
2215,1.485851993279502
2216,1.551314988454203
2217,1.582520329875484
2218,1.5957440272219168
2219,1.6772294448773006
2220,1.6601003919854103
2221,1.6615676490315985
2222,1.6807831629484609
2223,1.6218585472699856
2224,1.6303690206023826
2225,1.5445773708119963
2226,1.4357382953426991
2227,1.3960619769287734
2228,1.3725298012182041
2229,1.3970817073275663
2230,1.2918675087083564
2231,1.2544631757753855
2232,1.1658084034257754
2233,1.1442220077081056
2234,1.1492818817593142
2235,1.1061975718722468
2236,1.0209166286807982
2237,1.0165506871374215
2238,1.0728267058102179
2239,1.0678086202454435
2240,1.0239786633036958
2241,1.0937648832596392
2242,1.0494857753080988
2243,1.108512223212704
2244,1.115025823176186
2245,1.0505292382312437
2246,1.0278084896176616
2247,1.0479790416350354
2248,1.0737621782490219
2249,1.0607381407294825
2250,1.0087072340843277
2251,1.108538829905411
2252,1.1068733282698378
2253,1.0904092828937142
2254,1.1318067621046164
2255,1.1313982054063434
2256,1.2041960477858251
2257,1.1090675684353277
2258,1.0016852189989123
2259,1.0198737986255955
2260,0.9984655889520284
2261,0.9975180874792545
2262,0.9546506119818332
2263,0.9201718728236357
2264,1.0058163271238139
2265,1.0194674446629535
2266,1.043999327292745
2267,1.0171713910613809
2268,0.9658193662653765
2269,1.0784555779906104
2270,1.1190607386985176
2271,1.0763856520715311
2272,0.9943518300077858
2273,0.9180214494336799
2274,0.7871012129528532
2275,0.8391216048652193
2276,0.8441294071396614
2277,0.8309905596517089
2278,0.9575626265610909
2279,0.9482946118005326
2280,1.0166359696083163
2281,1.0710198072857309
2282,1.0888024697011158
2283,1.1182312838032293
2284,1.112979583728021
2285,1.1202357181367082
2286,1.1590435362584564
2287,1.1596723724620581
2288,1.163872912910971
2289,1.228553691697527
2290,1.2911588858318772
2291,1.3425763052630153
2292,1.4269118129919915
2293,1.4338670806825802
2294,1.3374094829880327
2295,1.390324837524903
2296,1.3968889969933227
2297,1.3867091514360053
2298,1.3997248798034716
2299,1.4667183800868295
2300,1.467755389300537
2301,1.4344886463358564
2302,1.385254721847988
2303,1.3079930028014293
2304,1.3500755023938698
2305,1.3667914680238282
2306,1.3676169898306403
2307,1.295013808847703
2308,1.2995058846756
2309,1.289606108308693
2310,1.239282218153378
2311,1.2134206433035564
2312,1.1462577582798947
2313,1.1000862200994843
2314,1.1019825713372775
2315,1.0558245413414493
2316,1.0196943504513627
2317,1.0407836215069317
2318,0.9905002463753774
2319,0.9748320220203336
2320,0.9540806682401107
2321,0.9060737857825085
2322,0.8859257800994547
2323,0.800610940760184
2324,0.8244928211213715
2325,0.8067297436747645
2326,0.7630361904974213
2327,0.6743411720984441
2328,0.6707328316527205
2329,0.6710743995098328
2330,0.6625936084059066
2331,0.6767552817731787
2332,0.6883311230220055
2333,0.6518205560714966
2334,0.6844186124483522
2335,0.7208070350423978
2336,0.799052499344948
2337,0.8442528240829678
2338,0.9043843289538156
2339,0.9172285551065124
2340,0.9041636585515149
2341,0.8484037117142753
2342,0.7678615369759394
2343,0.7691134167753775
2344,0.7982450527052031
2345,0.7601557467965749
2346,0.7363955970513526
2347,0.7681456524396868
2348,0.7949823708692129
2349,0.7897645457147753
2350,0.7703809826806345
2351,0.7195411440685535
2352,0.661427444747886
2353,0.6357388760224619
2354,0.5730008658535221
2355,0.507356651685247
2356,0.519079267169144
2357,0.50118524700521
2358,0.44929434128625234
2359,0.42809764015989643
2360,0.3972026469913156
2361,0.4421218562583968
2362,0.5195906479542964
2363,0.5604143397782267
2364,0.5546074525461289
2365,0.5427563707083741
2366,0.45217512002550087
2367,0.4171305008995756
2368,0.4042041082226338
2369,0.41408770628195274
2370,0.46431554998570046
2371,0.4113728675973118
2372,0.35789714497935304
2373,0.30324107335439626
2374,0.2298621541984582
2375,0.22332257763988528
2376,0.20009712825281006
2377,0.28281867267941163
2378,0.26459545578685206
2379,0.18461491814728687
2380,0.13123124136134934
2381,0.12833012152128995
2382,0.16963567569898003
2383,0.12387789102686753
2384,0.1353918606934468
2385,0.1266209516875186
2386,0.13351643316186415
2387,0.08919746720939735
2388,0.11994406755709776
2389,0.20024344640155858
2390,0.22101079492131923
2391,0.17716583772926936
2392,0.09851379296403732
2393,0.15048911760247297
2394,0.10011018643643654
2395,0.1426940761758934
2396,0.1731857294925465
2397,0.11463790595282071
2398,0.09295931606065308
2399,0.1426691694742982
2400,0.12760438375259214
2401,0.053117245550165025
2402,0.05115200671403205
2403,-0.030841549327921908
2404,-0.039454636475860505
2405,-0.06590791793901214
2406,-0.15753524485643108
2407,-0.24764034743445426
2408,-0.2515931660148279
2409,-0.2500582891022705
2410,-0.2307373085628861
2411,-0.08132903608732066
2412,-0.07295652746474329
2413,-0.11594684464965525
2414,-0.027298221778534092
2415,-0.0038294626335696564
2416,0.055082153405033675
2417,0.05340797500946015
2418,0.08758784952435436
2419,0.07900619244857575
2420,0.1748457100410379
2421,0.17584548925080018
2422,0.14583174517211417
2423,0.08788598241304105
2424,0.1487741123549585
2425,0.19795862646870838
2426,0.22171766561464543
2427,0.15872530812710406
2428,0.17539352806962935
2429,0.18838246211258228
2430,0.2316551522105202
2431,0.18297832139949818
2432,0.20442678666143607
2433,0.2647380705273783
2434,0.2756243816206974
2435,0.22216119644937557
2436,0.21721716898679427
2437,0.262782795909947
2438,0.170854513513203
2439,0.14599679802406693
2440,0.1367334700325485
2441,0.10442764745670254
2442,0.006318866859379379
2443,-0.05153553840446223
2444,0.023168832237162814
2445,0.058787053783387715
2446,0.05824970879787969
2447,0.07299945843499607
2448,0.07211837718461815
2449,0.080771619069859
2450,0.10819254265805368
2451,0.14371022355095667
2452,0.14989036071948628
2453,0.12898823634480192
2454,0.10758769473137093
2455,0.11174593208988405
2456,0.07162269500348453
2457,0.017693839736625964
2458,0.028700105231280214
2459,0.022129055718082588
2460,0.0009677773118593569
2461,-0.013055549334170819
2462,0.01250211258854855
2463,-0.02389912500979467
2464,-0.04180493113766081
2465,-0.05893933171071327
2466,-0.13941868607837998
2467,-0.1304410666355459
2468,-0.11066904376430951
2469,-0.14255046613374292
2470,-0.1867897686811876
2471,-0.1935204654791629
2472,-0.187835682804256
2473,-0.12048271471599634
2474,-0.12208798906902295
2475,-0.18993021598300056
2476,-0.22475040683414862
2477,-0.24654849280028826
2478,-0.27171784786410236
2479,-0.2742664197582002
2480,-0.34844655500690075
2481,-0.42518026950573784
2482,-0.4916657155097825
2483,-0.4884918699198957
2484,-0.452960551726556
2485,-0.4313315942140755
2486,-0.4031460784092871
2487,-0.4315195290362172
2488,-0.5269152987502989
2489,-0.5265465373774948
2490,-0.4665175966162336
2491,-0.4248480984389635
2492,-0.4781094557403223
2493,-0.5791345611932125
2494,-0.6040289275854022
2495,-0.5841140267861574
2496,-0.6097292603692666
2497,-0.5903998735702171
2498,-0.5604481731195197
2499,-0.561196132861533
2500,-0.6451084691823801
2501,-0.6408677859520403
2502,-0.5971342640381867
2503,-0.6207392103980619
2504,-0.6367934326778462
2505,-0.5362604239048021
2506,-0.46710912151910955
2507,-0.43784228259855584
2508,-0.37053318564655996
2509,-0.3315786817022198
2510,-0.39386756398229267
2511,-0.32783031515082367
2512,-0.31725857940202573
2513,-0.26382483891346603
2514,-0.17436640571719222
2515,-0.02558145798070973
2516,0.05858415288689247
2517,-0.021574344903329875
2518,0.02761832758088916
2519,0.009353957318756422
2520,0.018414673099149872
2521,0.049843474456786455
2522,0.08082161053017131
2523,0.1028839505374622
2524,0.08120953114313481
2525,0.08156528868858699
2526,0.11067828777461118
2527,0.06293556108492128
2528,0.05161089931575239
2529,0.06379692533690272
2530,0.15488585137879338
2531,0.1616344052366678
2532,0.13803560295474587
2533,0.15500439577908742
2534,0.11744597353623469
2535,0.0552992827483872
2536,-0.041720369890016144
2537,-0.06224064729017486
2538,-0.07127296154519953
2539,-0.031091010091955473
2540,-0.06939482979908865
2541,-0.08518193951186169
2542,-0.10868379425647137
2543,-0.145074353371687
2544,-0.16181550545348727
2545,-0.22810706614535545
2546,-0.24598112977116102
2547,-0.3024241470818159
2548,-0.2925429511995635
2549,-0.3033160916152856
2550,-0.18355370958743952
2551,-0.12806675939722792
2552,-0.1679484475382434
2553,-0.17659036744988585
2554,-0.17891506081742764
2555,-0.1990053931991329
2556,-0.15947663503691875
2557,-0.13910215397596268
2558,-0.0809995078180894
2559,-0.08113915805675327
2560,-0.036901223594391755
2561,-0.001354858920451243
2562,-0.0013977311525035637
2563,0.06881312241193108
2564,0.16778240762410138
2565,0.15029562796921717
2566,0.11148236181003161
2567,0.11382973669540442
2568,0.04804278353181855
2569,0.03666634777132705
2570,0.00468498964911413
2571,0.009494719223830538
2572,-0.03960325507492044
2573,-0.10799876983462822
2574,-0.15857660219297032
2575,-0.14889527955883
2576,-0.08902271706202042
2577,-0.01834712245194945
2578,-0.023297459572299773
2579,0.052848775479966116
2580,-0.06032420314038245
2581,-0.02624093641408232
2582,-0.0024619503533377402
2583,0.048793746720650254
2584,0.03175315411193332
2585,-0.006826148547409681
2586,0.04278836229165233
2587,0.001815694942167713
2588,0.03231629660128211
2589,-0.02082038890575047
2590,-0.07895464110975398
2591,-0.12828277068195795
2592,-0.17611111456987727
2593,-0.15391086527976666
2594,-0.050788628282391245
2595,-0.01783396550768512
2596,0.05696228469905013
2597,0.0002749494165008385
2598,0.010420125324347027
2599,0.018690303886216328
2600,0.0798249915062349
2601,0.18472260657930453
2602,0.19072754117395427
2603,0.08929343028676896
2604,0.14886613885910388
2605,0.14771002762759933
2606,0.2168191504667826
2607,0.19963070893886353
2608,0.2190608044699681
2609,0.21211251903286843
2610,0.2547345524812293
2611,0.26028843039444266
2612,0.208271553064242
2613,0.11500662301261236
2614,0.10512815219125884
2615,0.12423121290277249
2616,0.09127457547342725
2617,0.08720508979106859
2618,0.06154243240117147
2619,0.07958654672350622
2620,0.09096764308555373
2621,0.10084328828737237
2622,0.10616238282732243
2623,0.15494654553324405
2624,0.27114180582464437
2625,0.30711321000310715
2626,0.4228810103321726
2627,0.4008489102490109
2628,0.4565476600973341
2629,0.5411564657242288
2630,0.5046658320135847
2631,0.4419360987132194
2632,0.34045401732014746
2633,0.3521447180840921
2634,0.32727132007170134
2635,0.36286435726011507
2636,0.32558785129682777
2637,0.33655522045677905
2638,0.34395966177161474
2639,0.39001665129375335
2640,0.3889585598527873
2641,0.3746718857784974
2642,0.3806074995184458
2643,0.34870636242956715
2644,0.3432847768223924
2645,0.2911421503322065
2646,0.2778989434303414
2647,0.3184062449498136
2648,0.34401382599600033
2649,0.24409511342044582
2650,0.27179738597098024
2651,0.34650592802628694
2652,0.3017315840498648
2653,0.1799355820390405
2654,0.2309809454129891
2655,0.23496086575069083
2656,0.21836499361430742
2657,0.19017643170720888
2658,0.2303820461643714
2659,0.17140632709950335
2660,0.1559560608423776
2661,0.23911581482690872
2662,0.20747579302944538
2663,0.238346507026803
2664,0.3039904554778132
2665,0.38466838668202913
2666,0.4462891550068457
2667,0.4001450663988921
2668,0.4503773828079519
2669,0.5526477700076734
2670,0.5271166684001682
2671,0.47546750008519584
2672,0.43931827152368613
2673,0.43466215941800584
2674,0.4866651596599216
2675,0.4739252106509992
2676,0.3670398129027254
2677,0.4091072388934987
2678,0.43935968995445673
2679,0.44699465919951986
2680,0.5081685402917508
2681,0.5179575016507494
2682,0.45426157736094325
2683,0.411931350201231
2684,0.4657129630216352
2685,0.4723568026631336
2686,0.41543769473950953
2687,0.4375925950836425
2688,0.38619422137009674
2689,0.3768753725211084
2690,0.35752035768245144
2691,0.21559145393514137
2692,0.19874936317555017
2693,0.1803314301177938
2694,0.10925121137992932
2695,0.06421733194195188
2696,-0.04618496832394121
2697,0.006390245578987246
2698,0.04125289264428194
2699,0.006352978217936731
2700,0.021171870989575223
2701,-0.020752690162545575
2702,0.04573556794316937
2703,0.026360679581180706
2704,0.007393689886777263
2705,-0.002044314766351374
2706,-0.013829982012779232
2707,-0.005673586860935852
2708,0.045728197713040576
2709,0.0295169239787605
2710,0.05717405412654334
2711,0.07922061354393253
2712,0.1458283668837974
2713,0.07326611042102736
2714,0.03198555395577712
2715,-0.040239250852675934
2716,-0.0109233787422121
2717,-0.0025128895042550695
2718,-0.062268507687063795
2719,-0.06051042796166206
2720,-0.04914426121710819
2721,-0.08935270059205311
2722,-0.16776015766714675
2723,-0.18008928564248283
2724,-0.24904922182031436
2725,-0.227406366601817
2726,-0.21101177669662663
2727,-0.27050358456392465
2728,-0.18802473877818346
2729,-0.1345766444948387
2730,-0.06860497033873729
2731,-0.13084905990833734
2732,-0.14332623280929815
2733,-0.08475022022411557
2734,-0.09224751958925582
2735,-0.08615205217927797
2736,-0.10390963171853615
2737,-0.11186807179173208
2738,-0.0468089478259911
2739,-0.01585927307399465
2740,0.021792895538834556
2741,0.045717672434095434
2742,0.04574745389625983
2743,0.1033315393833632
2744,0.13588176516795278
2745,0.09763777216490124
2746,0.0378960215531213
2747,0.06481107676720928
2748,0.040573512587897036
2749,0.049224645814416455
2750,0.004637981914783099
2751,-0.020056801812985813
2752,0.017483535925574056
2753,-0.016028818212523752
2754,0.03901387379518509
2755,0.15330334987755717
2756,0.18503733526820562
2757,0.2242888035099392
2758,0.19346922972765912
2759,0.21288060043404672
2760,0.2565535247144704
2761,0.2618222644985159
2762,0.18827281594034728
2763,0.2977117070277294
2764,0.29758862810337966
2765,0.3942395383013359
2766,0.39562211896845434
2767,0.424598088058571
2768,0.4489636945666621
2769,0.4358499902424488
2770,0.3377770304467283
2771,0.33541401694998474
2772,0.3492093941363366
2773,0.25793420588847576
2774,0.21070532858764415
2775,0.19800194310280056
2776,0.20286615016874487
2777,0.16634779453069232
2778,0.16522821686977332
2779,0.15095745077588518
2780,0.14145158503558586
2781,0.1426756124580972
2782,0.18961676030194696
2783,0.23512770795984952
2784,0.23969336735403715
2785,0.2975593784447259
2786,0.2845012795842659
2787,0.31790530672112155
2788,0.32501709055742806
2789,0.36080467001707395
2790,0.3948556279441049
2791,0.44485623612378855
2792,0.46707300716821964
2793,0.46329624246146833
2794,0.4711230028485616
2795,0.4836166678937763
2796,0.5000782264550285
2797,0.45880479862903023
2798,0.4508902409660614
2799,0.4523923303052339
2800,0.5335976316234521
2801,0.47215640495164246
2802,0.4287964836178665
2803,0.436115787686363
2804,0.5098176358243502
2805,0.5875791885442097
2806,0.6097561114797492
2807,0.6714446634885642
2808,0.6747309838882912
2809,0.6878025564015193
2810,0.6478546495172498
2811,0.5683349035298233
2812,0.6439134494845156
2813,0.6286398005078304
2814,0.5964271332138595
2815,0.552763564973302
2816,0.5384566584860873
2817,0.5674138229575064
2818,0.549305996934045
2819,0.528543325769051
2820,0.535866422337819
2821,0.502537158841121
2822,0.5086811998514347
2823,0.5121877460363711
2824,0.5754573776656342
2825,0.6002800162604649
2826,0.5708871784171281
2827,0.622548261356796
2828,0.6884098147273245
2829,0.6222531837332994
2830,0.5963757093128818
2831,0.5092806815359421
2832,0.5475855708865646
2833,0.5583692150177947
2834,0.5545228386830368
2835,0.5389170991708249
2836,0.6616149483325496
2837,0.6649143160438746
2838,0.6650409190840618
2839,0.6500926162658924
2840,0.6715524319417909
2841,0.7522520230237948
2842,0.8337121738474041
2843,0.8131096255002009
2844,0.8018217197756546
2845,0.8046896711379524
2846,0.846064559318849
2847,0.9224594090428363
2848,0.9416387784731598
2849,0.885236523632465
2850,0.8638977102682054
2851,0.7769697882089971
2852,0.7595144309335201
2853,0.745872642574568
2854,0.7387212530515923
2855,0.6924606864930699
2856,0.690224523137247
2857,0.6988842232388489
2858,0.772668161594892
2859,0.8287225588677337
2860,0.8683153579039392
2861,0.9157810087396507
2862,1.021346483598591
2863,1.071850743447628
2864,1.0090865055105125
2865,1.0239766874286043
2866,1.0090106359138675
2867,0.95016359889539
2868,0.9350528704323164
2869,0.9303190404573496
2870,0.9084817093486047
2871,0.8906973779816428
2872,0.8401629567498776
2873,0.916530845142703
2874,0.9768751180440063
2875,0.9200161908257072
2876,0.9569542019894631
2877,0.963079994049453
2878,0.924777711433493
2879,0.9159612294046634
2880,0.8319737429194204
2881,0.8762884879287155
2882,0.9412106297204581
2883,0.9484874416758265
2884,0.9151492081112593
2885,0.9598401783280047
2886,0.9139060833016928
2887,0.8811917383868929
2888,0.9208841445162225
2889,0.9041263787168975
2890,0.8059439516758825
2891,0.7958444594374354
2892,0.7649603783946097
2893,0.8052515154085185
2894,0.8049530148238219
2895,0.8038635535610289
2896,0.7872789647652911
2897,0.8533346765529766
2898,0.8712169547466654
2899,0.8294324063028579
2900,0.8366400938561187
2901,0.7975705529359348
2902,0.7846253518344847
2903,0.7949961100111298
2904,0.8416989137542901
2905,0.8946848105261072
2906,0.9051398902111448
2907,0.9340756387118977
2908,0.9503423418068399
2909,0.9604908210188944
2910,0.9762405386180161
2911,1.0458132881535553
2912,1.0597254553162803
2913,1.0053795664847662
2914,0.986414377672217
2915,0.9804703416410538
2916,1.021326524321218
2917,1.0085307966779713
2918,1.0449363871484372
2919,1.143642155511046
2920,1.1418404479352755
2921,1.1431700622373122
2922,1.1158052616187528
2923,1.043475969296193
2924,0.9942904272531614
2925,1.002823864917697
2926,1.0052263113053566
2927,1.0238170105990287
2928,1.0652385164731266
2929,1.0802973782150116
2930,1.1246055905694363
2931,1.112473587257488
2932,1.232168671803473
2933,1.1862126070687942
2934,1.1171304961013535
2935,1.1881059620086973
2936,1.1935620046357978
2937,1.208496603025681
2938,1.1628318395566541
2939,1.1417070223464925
2940,1.1518210251829952
2941,1.1077373561827488
2942,1.0541503688762386
2943,1.0325219853135528
2944,1.0058114626446844
2945,1.0450576587870846
2946,0.9928450077901049
2947,0.9847145352849865
2948,1.0005100337476736
2949,0.9376830226848675
2950,0.8878460957393733
2951,0.9597871223982251
2952,1.0083922829150256
2953,1.0527500691428489
2954,1.0643150059941775
2955,1.0853579284864123
2956,1.0558631232374953
2957,1.064132399218822
2958,1.068223640157481
2959,1.1092837252047134
2960,1.0629686136531735
2961,1.0544296001186582
2962,1.0362662308602415
2963,1.0546925022676188
2964,1.031295100864127
2965,1.1406514459931285
2966,1.1533901894018075
2967,1.1094350065234155
2968,1.1607540599472461
2969,1.19158337871837
2970,1.194402596531252
2971,1.177170265923473
2972,1.2435761255791384
2973,1.253933691565447
2974,1.2753143469275352
2975,1.331887079718019
2976,1.3250051936746614
2977,1.383025649561701
2978,1.3551351183416829
2979,1.3154614373678493
2980,1.3186633172086717
2981,1.3095952902907695
2982,1.294854239003248
2983,1.3459769307053386
2984,1.269741567818012
2985,1.3222249827283445
2986,1.2857504535685886
2987,1.2151384127677285
2988,1.2867253636101696
2989,1.3233169516232592
2990,1.3633261118649485
2991,1.3993167302026819
2992,1.4071592186726152
2993,1.4374458701601465
2994,1.4454157813029476
2995,1.4491849842914162
2996,1.4836775227502166
2997,1.4627494353803392
2998,1.429367567944594
2999,1.4643666566332865
3000,1.5618734370928429
3001,1.5870310673109356
3002,1.5910333866203148
3003,1.6378134330124225
3004,1.645143822814386
3005,1.6990460745298213
3006,1.7163389215525826
3007,1.7794753601667146
3008,1.7441277850734285
3009,1.731356820038176
3010,1.6355165408858245
3011,1.5490043891039647
3012,1.589824968461984
3013,1.6221313313686574
3014,1.53939088270205
3015,1.548528892937421
3016,1.5049734928849183
3017,1.5572497546982078
3018,1.6100758907671189
3019,1.6388532550101371
3020,1.6721338315933487
3021,1.6363672834316596
3022,1.6662752323859318
3023,1.6699766176681792
3024,1.650166179219189
3025,1.61013300384322
3026,1.6844506867507107
3027,1.6023971507886192
3028,1.556038399781338
3029,1.5547516193058792
3030,1.5850871471469867
3031,1.6492024864203472
3032,1.7012644119319176
3033,1.6835239067654797
3034,1.7107844625870596
3035,1.7464050851986157
3036,1.7118304708173588
3037,1.7685216180537475
3038,1.704370430655102
3039,1.741880585650984
3040,1.7429621824323147
3041,1.720523476262283
3042,1.678890400171538
3043,1.6789595208463226
3044,1.7043498212080688
3045,1.6455205294490727
3046,1.6483113770674027
3047,1.6331340635868055
3048,1.6067030137612628
3049,1.5568815201118698
3050,1.5221984930641717
3051,1.5999763642225364
3052,1.6009790362021277
3053,1.6215780422001402
3054,1.5995931947698958
3055,1.610965419649048
3056,1.665980161293208
3057,1.7008695300895675
3058,1.6597123603769213
3059,1.6410266889587417
3060,1.633736948369515
3061,1.6155421794853444
3062,1.634493380847315
3063,1.566811126871581
3064,1.5478667362906786
3065,1.5774155784444022
3066,1.5510612287133763
3067,1.508246091250153
3068,1.4729899259367263
3069,1.5303707604078591
3070,1.4149543822823103
3071,1.3897485276251949
3072,1.3934576311057452
3073,1.3707745096460824
3074,1.4221274052031683
3075,1.4883484584937912
3076,1.4723398650285102
3077,1.4744008123597319
3078,1.5078972349421471
3079,1.5357362655969684
3080,1.5405305039663435
3081,1.5316075615912408
3082,1.5429238786287371
3083,1.5687801598290587
3084,1.5314560830998918
3085,1.530247888102677
3086,1.5256972850645008
3087,1.4750070161944202
3088,1.521945245863039
3089,1.5497756349954448
3090,1.5519941452319121
3091,1.5197721796275219
3092,1.605103003961393
3093,1.6148178106929365
3094,1.6209460719435544
3095,1.5777040768843258
3096,1.5675367242935876
3097,1.5437836044947575
3098,1.5770807749849993
3099,1.6153821935881854
3100,1.5867507949963953
3101,1.600887100208049
3102,1.5237961921186005
3103,1.524165108193177
3104,1.4513086135288973
3105,1.3735939889671858
3106,1.3779316512757296
3107,1.3728686530766845
3108,1.4347298441616465
3109,1.4374028768073583
3110,1.4566684735204416
3111,1.4306122496693343
3112,1.3632843090219047
3113,1.3447804952737352
3114,1.2925213402418327
3115,1.2598376257775032
3116,1.2637730667885752
3117,1.2832457552080485
3118,1.2531743911862478
3119,1.3426143649999862
3120,1.3854618260581695
3121,1.370613856287552
3122,1.4389115315612224
3123,1.4940250485498052
3124,1.4110166136498088
3125,1.4232929729599642
3126,1.4103544537240211
3127,1.3315455786941333
3128,1.3277326755567012
3129,1.3148772823433752
3130,1.2981627045235569
3131,1.2141033065603877
3132,1.1937095766474406
3133,1.265396829720599
3134,1.3272162123710274
3135,1.421626170000306
3136,1.499223506346499
3137,1.5961765746974428
3138,1.6421957984543385
3139,1.5373813016295892
3140,1.5047722873109788
3141,1.509567095312168
3142,1.4630138469433553
3143,1.3937068514799338
3144,1.2832431723677535
3145,1.2379614656184132
3146,1.2545662430193174
3147,1.2834521062737274
3148,1.2065696524196323
3149,1.194017246973376
3150,1.1940460287295596
3151,1.2276443746067784
3152,1.1648023583205591
3153,1.1423103207155534
3154,1.1563832894373922
3155,1.1665358717255854
3156,1.1284614620426388
3157,1.0401105625460023
3158,0.9741069311195688
3159,0.9554103283284657
3160,0.9776173326723714
3161,0.9833580294062643
3162,0.9452363995429263
3163,0.9557525883944488
3164,0.9878484279174936
3165,1.0040207878045218
3166,0.9628334941392334
3167,0.9135326453395092
3168,0.8801145843345045
3169,0.8978231476663172
3170,0.9070273457016952
3171,0.9073859553185253
3172,0.9169678439277178
3173,0.8870461175666695
3174,0.9568688788350965
3175,0.908331971494553
3176,0.9943949626996854
3177,1.0332556905108863
3178,1.0985023063111077
3179,1.0844986493459086
3180,1.0436490944662198
3181,1.022606279694696
3182,1.0172911675524818
3183,0.8818863498739189
3184,0.8660367871973577
3185,0.7965560625094601
3186,0.8023274191204769
3187,0.7870594135652211
3188,0.7463010635210715
3189,0.7255109825147311
3190,0.7628695583070789
3191,0.7746823121871385
3192,0.694614313306237
3193,0.7257101065897644
3194,0.6421023576709001
3195,0.6560198707654091
3196,0.6055760580261692
3197,0.58520224728385
3198,0.5000233632622658
3199,0.44503241435720914
3200,0.4737306328440393
3201,0.38792429658444383
3202,0.3661513494468326
3203,0.38307746969124334
3204,0.38435378931726966
3205,0.3812685051687321
3206,0.37320478812680424
3207,0.4009947664549007
3208,0.44187406526394407
3209,0.42897667840014836
3210,0.44191097197734447
3211,0.4908300843776961
3212,0.51693422151751
3213,0.5676572104118516
3214,0.6333776864453715
3215,0.6571019518533361
3216,0.6830148824866875
3217,0.6971293802354547
3218,0.7336002436211672
3219,0.7014648745272684
3220,0.6967625881527382
3221,0.6495294643828432
3222,0.6752838154196324
3223,0.7740552631745463
3224,0.8062478104727483
3225,0.8900919788529854
3226,0.9019818595615359
3227,0.8750721145771341
3228,0.8937929070118089
3229,0.8785461219397463
3230,0.8805768518521744
3231,0.9938891232852829
3232,1.0305036876183158
3233,1.0343354755632104
3234,0.9819897979813387
3235,0.9572855673050895
3236,0.992225011300768
3237,1.015162127649193
3238,1.0073824312931259
3239,1.0301265663048282
3240,1.0547296617232187
3241,0.9745077607238731
3242,1.0007714561088585
3243,1.0241986213102006
3244,1.0431081642293205
3245,1.0591071165053199
3246,1.042777778396742
3247,1.0055792900149574
3248,1.0179315980973054
3249,0.9828191319280262
3250,0.9834233991088062
3251,0.9553333900820578
3252,0.9570003635067423
3253,0.9195692982159244
3254,0.8685232052633632
3255,0.8835317686364059
3256,0.9135840228927196
3257,0.915603584840897
3258,0.8974809295192676
3259,0.9873116554474103
3260,0.9974800056323427
3261,0.97524294202361
3262,0.9506459790988429
3263,0.9902413572387536
3264,0.9916514474771272
3265,0.999523465228375
3266,1.0716029458088383
3267,1.146298547416024
3268,1.1669358386521627
3269,1.1869049003354297
3270,1.2106806601924114
3271,1.2090949852901043
3272,1.2298498605018136
3273,1.2279218291252247
3274,1.2182276857349497
3275,1.1221183984099423
3276,1.15036237461212
3277,1.1895634774590855
3278,1.2080744429923722
3279,1.2421911009995725
3280,1.2453114378026362
3281,1.1741095831122965
3282,1.1119823106314783
3283,1.1163934396393993
3284,1.1028629414268873
3285,1.054914016307995
3286,0.9617678139137629
3287,1.025146172603947
3288,1.0337040324047846
3289,1.0485445249868106
3290,1.0140399026081512
3291,1.0573689015209644
3292,0.9851954456643094
3293,0.9978579107475992
3294,0.9743482663341441
3295,1.0615950830567515
3296,0.9876793352370448
3297,0.9271139673298497
3298,0.9000577001199177
3299,0.8684644544243678
3300,0.9172184817873015
3301,0.915318342294198
3302,0.9245053028687465
3303,0.7957865254006502
3304,0.8141534195093417
3305,0.8934245838361593
3306,0.920308301008858
3307,0.9137923991408169
3308,0.9228659460925653
3309,0.9464024863780715
3310,1.0493520393288747
3311,1.0612645274051218
3312,0.9726464100233811
3313,0.8711046885852542
3314,0.8533483797808346
3315,0.914278594384193
3316,0.8993686049919063
3317,0.8951809635551524
3318,0.8830049632423767
3319,0.8580903896835856
3320,0.827124139381301
3321,0.8240200236609814
3322,0.8621878661495559
3323,0.8470154902521332
3324,0.8710758813715445
3325,0.9424457535397828
3326,0.9913283976386705
3327,1.0304024287114584
3328,1.0703113641267965
3329,0.9803791500045178
3330,0.9167194950301398
3331,1.009055741537163
3332,0.9572374224818068
3333,0.9257722500671723
3334,0.9084036167727593
3335,0.9193784864436447
3336,0.9315518428451698
3337,0.9825738382230307
3338,1.0067640522127286
3339,1.056329260254672
3340,1.0780735738276404
3341,1.016390645096708
3342,1.0167691311259115
3343,1.0834314599375692
3344,1.1437704305895817
3345,1.1915763096714442
3346,1.173041857993703
3347,1.2187322169454662
3348,1.1682397512893896
3349,1.1113013187653125
3350,1.159624932513078
3351,1.0507058879422433
3352,1.0190497224720334
3353,1.0849111111524001
3354,1.096833758829228
3355,1.0923017645079622
3356,1.1227160432872516
3357,1.136929555925656
3358,1.0812702696049228
3359,1.0426226283150264
3360,1.015388555871466
3361,1.0159549697209278
3362,1.036839370649014
3363,0.9831143322699903
3364,1.0139472401997738
3365,0.9344120201310062
3366,0.8504466358165186
3367,0.7625227343463943
3368,0.706157922985758
3369,0.7300780576608387
3370,0.7536536567702842
3371,0.8258299803913679
3372,0.8809185353880437
3373,0.8914527786992265
3374,0.829385877405984
3375,0.7884481821741202
3376,0.8051897360059054
3377,0.8453296253272282
3378,0.895802994802197
3379,0.8479669300807704
3380,0.8570280786122547
3381,0.9192373693257787
3382,1.035357540616653
3383,0.976403873197982
3384,0.8989900172194928
3385,0.8554514060251933
3386,0.9517495940046771
3387,0.9408021630779332
3388,0.932919754670676
3389,0.9397218245111317
3390,0.9570598222670031
3391,0.9436420724078097
3392,0.9915738282807586
3393,1.096135125648639
3394,1.1145059262422512
3395,1.0343274497674864
3396,1.0987880520857292
3397,1.0764439031548836
3398,1.045715992663421
3399,0.9737911372816423
3400,0.925151132669287
3401,0.9194132078814076
3402,0.8733717660339098
3403,0.8952769831622093
3404,0.9638721884311384
3405,0.9535625830263774
3406,0.9884988980176258
3407,0.9205799844977636
3408,0.9325392979415167
3409,0.9477582844475329
3410,0.9467362661617532
3411,1.065289334640001
3412,1.0627487813611962
3413,1.026238931956851
3414,1.0038947243468863
3415,0.9657268829754525
3416,0.989512276898171
3417,1.009641399020028
3418,0.9381106166701277
3419,0.9085614113623292
3420,0.909989815804368
3421,0.865994342433349
3422,0.9407644415365253
3423,0.921415038292875
3424,0.9119392073526399
3425,0.8682874255953348
3426,0.8223729042178237
3427,0.9581729041777202
3428,0.9273266474416468
3429,1.0202251597789316
3430,1.0089860537082174
3431,1.0314052850775481
3432,0.9012743368846122
3433,0.8477121244779403
3434,0.9161678057070592
3435,0.8773943972229898
3436,0.8293421622869586
3437,0.8547204739565389
3438,0.8044521496200857
3439,0.7765317705393909
3440,0.6859640685536726
3441,0.6825500997779375
3442,0.6719331332135416
3443,0.6684262892708459
3444,0.59838482605596
3445,0.5368866790953362
3446,0.6157510842248358
3447,0.6106752592497108
3448,0.6478766734158248
3449,0.6934624512372144
3450,0.639669843451553
3451,0.6389467329859151
3452,0.7542965335073166
3453,0.7048969503334999
3454,0.7396445398177558
3455,0.7218566030499199
3456,0.7213987492306759
3457,0.6777557532690116
3458,0.663125547032037
3459,0.6035488789848998
3460,0.6252731852085269
3461,0.5709689420571817
3462,0.6259208583629532
3463,0.6753631328632003
3464,0.6773358899392371
3465,0.6759209951012104
3466,0.7271668203515873
3467,0.7045131484701169
3468,0.7468048095018314
3469,0.7536178362971196
3470,0.7719757144018075
3471,0.7382948580442628
3472,0.7408395764829798
3473,0.7276813060340024
3474,0.6358099305674282
3475,0.623560320002691
3476,0.6118212931362972
3477,0.6457145024333752
3478,0.7340155863388999
3479,0.7645729533488778
3480,0.7566994255590987
3481,0.821195964716167
3482,0.8126970132139617
3483,0.8008014850626692
3484,0.7413682949904858
3485,0.6987696973570219
3486,0.7277906805923445
3487,0.7761326835369673
3488,0.7667780779537274
3489,0.7288759865362628
3490,0.7652818076855604
3491,0.7580012861324912
3492,0.74390614274028
3493,0.7249734045315729
3494,0.7267221978324011
3495,0.7791787538674709
3496,0.8156645621995208
3497,0.9130631813598574
3498,0.9479896129083092
3499,0.8685666364915692
3500,0.8246988824480563
3501,0.7373675613208118
3502,0.7337153401671976
3503,0.8100107872166442
3504,0.7418395921782691
3505,0.7949932049082575
3506,0.8096278365755405
3507,0.8976403377618138
3508,0.8425142857555701
3509,0.7561443027937751
3510,0.7695121374164504
3511,0.791391560077856
3512,0.7160675317811828
3513,0.6528435386395035
3514,0.6237155248418192
3515,0.6189891136649306
3516,0.5765934783231371
3517,0.5686858933210417
3518,0.5492990665511484
3519,0.46180473021402696
3520,0.44243113391256195
3521,0.44267546809267044
3522,0.3805954621553542
3523,0.35717048498344506
3524,0.30958253002088354
3525,0.28793231441161504
3526,0.2488255410046482
3527,0.22987717645214692
3528,0.17349557146242123
3529,0.22706866377495794
3530,0.26225136458293075
3531,0.3057951503753152
3532,0.343536992932517
3533,0.33063077974342153
3534,0.26543466843006375
3535,0.2468936417918458
3536,0.27931625261934495
3537,0.2951996558765174
3538,0.390279395858194
3539,0.34590494351979567
3540,0.424363468402629
3541,0.4196950656725386
3542,0.4692174662361412
3543,0.4875253931154603
3544,0.48309043559002474
3545,0.486997796388419
3546,0.4650444261305299
3547,0.40515205710281693
3548,0.4088791197719638
3549,0.4260919383267822
3550,0.42761326510421466
3551,0.4406124982007501
3552,0.46038739704949566
3553,0.39521159329692257
3554,0.36055071815008816
3555,0.32511911155960244
3556,0.23348349791460948
3557,0.22439172315292202
3558,0.18569607319634862
3559,0.2024750470554218
3560,0.15462146121712886
3561,0.1465499050527058
3562,0.14808199692296037
3563,0.14380187526721208
3564,0.11210137281490055
3565,0.0634776454822015
3566,0.02388151129518391
3567,0.012209381740632656
3568,0.047674438197922185
3569,0.031516118718759034
3570,-0.0335862506713247
3571,-0.0392143194773312
3572,0.030344252700800205
3573,0.14714557332205486
3574,0.10171949405793596
3575,0.07115654541685455
3576,0.07000930385112346
3577,0.08260894845636246
3578,0.08540629239168743
3579,0.05312783488932632
3580,-0.020529818086353874
3581,-0.08410799785567
3582,-0.02920168531115568
3583,-0.014597308496399109
3584,-0.005270633932255689
3585,-0.08143842214213536
3586,-0.029301769863416153
3587,0.06039253768893823
3588,0.06726399492231755
3589,0.038574821687320765
3590,0.1146440100730765
3591,0.09019554976335266
3592,0.005892861897969395
3593,-0.08453335568852047
3594,-0.11697917904060076
3595,-0.06775638651205623
3596,-0.10982841997952078
3597,-0.15576067414852462
3598,-0.12900123561044718
3599,-0.08798322988754302
3600,-0.073216714805356
3601,-0.08795299644816175
3602,-0.06027075687561549
3603,-0.03552964391671605
3604,-0.0702506900387259
3605,-0.026780359522199322
3606,-0.012878587364621202
3607,0.008562462820405991
3608,0.0065476208126572155
3609,-0.00873055113362296
3610,-0.0320645813706763
3611,-0.0056985292568322975
3612,-0.011739387667667594
3613,-0.0029616165915630024
3614,-0.06806319046330254
3615,-0.09074102901000183
3616,-0.004915666588503888
3617,-0.030592017791153534
3618,0.0024364184871645232
3619,-0.03263899651300321
3620,-0.05979977473954408
3621,0.059146320976581505
3622,0.11902468210255235
3623,0.10968395310229452
3624,0.07038068085668626
3625,0.037957772995061874
3626,0.028357118215848354
3627,0.05600504715812737
3628,0.02273559965257987
3629,-0.02449395626282789
3630,-0.07361796292064232
3631,-0.10487163287161493
3632,-0.2059482914738264
3633,-0.2501159636697113
3634,-0.3577406172046217
3635,-0.3564342400260793
3636,-0.3952086247154136
3637,-0.4073432851942232
3638,-0.3294061387995126
3639,-0.33634402021712667
3640,-0.40192021386992327
3641,-0.5089007938496128
3642,-0.4119035035662203
3643,-0.352980613921746
3644,-0.323818216198409
3645,-0.29281972214140256
3646,-0.33108307306955664
3647,-0.3114249207898685
3648,-0.3244236185941677
3649,-0.3754070638040216
3650,-0.30158315590499785
3651,-0.3416529419600399
3652,-0.3536155599318234
3653,-0.38540268571953723
3654,-0.3978173247160983
3655,-0.42638405949604263
3656,-0.40332399937423485
3657,-0.34777119530617345
3658,-0.2850402870940314
3659,-0.22823608755857452
3660,-0.3392845060560319
3661,-0.3770618088365111
3662,-0.3962238745879275
3663,-0.42646004783952235
3664,-0.48847714540377346
3665,-0.554748600698857
3666,-0.644427481864246
3667,-0.7395249724495838
3668,-0.7973929382683405
3669,-0.7674239347322113
3670,-0.7634987236470369
3671,-0.7872421194414032
3672,-0.8551252545693747
3673,-0.8136308975747875
3674,-0.7689586874328099
3675,-0.7933868958214422
3676,-0.7926072444776089
3677,-0.8008597053399409
3678,-0.7184781504319459
3679,-0.7230070250487042
3680,-0.7329575593457992
3681,-0.6794949485708197
3682,-0.6611089744743873
3683,-0.6309400422375517
3684,-0.6212999953543341
3685,-0.6494790454263216
3686,-0.688623300372213
3687,-0.6980636008100709
3688,-0.6711196143476664
3689,-0.6584771129420167
3690,-0.6169033353063479
3691,-0.7309340128917053
3692,-0.7818056732693439
3693,-0.6727605781055
3694,-0.6725548126798309
3695,-0.7266790088618199
3696,-0.696497599836842
3697,-0.6521892805230578
3698,-0.6442699298085397
3699,-0.6381989955006865
3700,-0.6023027867185828
3701,-0.590596310018344
3702,-0.5454838171704328
3703,-0.5993900758698626
3704,-0.6318193477149748
3705,-0.693167374814691
3706,-0.6973290791240228
3707,-0.6616768973864497
3708,-0.7088070389736767
3709,-0.5955250223930278
3710,-0.5230530084758659
3711,-0.43854147762136136
3712,-0.3753116845491254
3713,-0.3517129355230157
3714,-0.34565617844555463
3715,-0.24934460354369392
3716,-0.30366137974733476
3717,-0.29786292737222214
3718,-0.29151336541767214
3719,-0.3366748226795013
3720,-0.32002189514313517
3721,-0.3517849206020468
3722,-0.4090833397141625
3723,-0.3074443240859755
3724,-0.2458526646274094
3725,-0.2518931021671143
3726,-0.15088514313946022
3727,-0.09603622565144798
3728,-0.09852088640710292
3729,-0.11466086915508376
3730,-0.26054340418397387
3731,-0.32929733563922287
3732,-0.3181512030687803
3733,-0.29091894115642974
3734,-0.27777888708115756
3735,-0.3483777417214155
3736,-0.3794963784889576
3737,-0.38809904058687617
3738,-0.4605313255631074
3739,-0.4211660445486794
3740,-0.345033323871522
3741,-0.32209225747903336
3742,-0.3181646783250795
3743,-0.354745440938277
3744,-0.3597768415685844
3745,-0.35428658898894316
3746,-0.49764842410882487
3747,-0.499053510679607
3748,-0.48749290912763793
3749,-0.4045748935131722
3750,-0.4446388912098889
3751,-0.5628092857232503
3752,-0.5543273093703223
3753,-0.5340477346071146
3754,-0.5342934941062055
3755,-0.5697022721946953
3756,-0.5142974276917589
3757,-0.4916088692064528
3758,-0.5191416000871526
3759,-0.5445242699503838
3760,-0.5167008457427789
3761,-0.48708120509903535
3762,-0.4427628158111366
3763,-0.39804326424239644
3764,-0.47866893766825314
3765,-0.4950370803540443
3766,-0.5878025634239272
3767,-0.6384344042294763
3768,-0.6385481883942954
3769,-0.6125516951275024
3770,-0.5716898276397872
3771,-0.5451355151283747
3772,-0.558357763627585
3773,-0.5536844462672947
3774,-0.5236243557162092
3775,-0.5160571017411527
3776,-0.586101266099819
3777,-0.573859143687791
3778,-0.6362074963573522
3779,-0.6103088248606382
3780,-0.6161249124070753
3781,-0.6578167311604098
3782,-0.6677932012196096
3783,-0.7688069911412185
3784,-0.8669081640853772
3785,-0.8277667319142404
3786,-0.7973021139709973
3787,-0.7835927563143211
3788,-0.7549039421469186
3789,-0.8571218488544579
3790,-0.9288048874842095
3791,-0.9092451355880808
3792,-0.9346623823995281
3793,-0.9211180223416373
3794,-0.9266712596233255
3795,-0.9030339951396408
3796,-0.8635484548857222
3797,-0.8894498755700495
3798,-0.908902321624169
3799,-0.8185997735839218
3800,-0.794852140581772
3801,-0.7696113163496613
3802,-0.7604746736939508
3803,-0.7911551579638789
3804,-0.7394582141281016
3805,-0.7252714589157647
3806,-0.8030748343525701
3807,-0.7811185101286185
3808,-0.784038887431018
3809,-0.7965265443528919
3810,-0.7161282005944218
3811,-0.6673463638392075
3812,-0.6810711075385962
3813,-0.6606282131103142
3814,-0.6252378528553894
3815,-0.6572876224523793
3816,-0.6172994413093967
3817,-0.6088663123297524
3818,-0.6671905514284092
3819,-0.7243694938123555
3820,-0.7697312397144933
3821,-0.7676660992701694
3822,-0.8196029429420751
3823,-0.8855454682266521
3824,-0.8755288665005957
3825,-0.9139172237613065
3826,-0.887032729708893
3827,-0.8641341668229271
3828,-0.9300898108148234
3829,-0.9320104567831902
3830,-0.8737763564205846
3831,-0.8771168908468127
3832,-0.9119596198388615
3833,-0.9055920711028256
3834,-0.8142035154473679
3835,-0.7846083678016224
3836,-0.7433820183203598
3837,-0.7320041730043103
3838,-0.7852017031397762
3839,-0.7919108496502059
3840,-0.8773024087679188
3841,-0.8100284302482651
3842,-0.8447374894078226
3843,-0.8794203130729851
3844,-0.9090852944143021
3845,-0.858669999182779
3846,-0.8262151766545809
3847,-0.8413413592048682
3848,-0.8593738371176954
3849,-0.8786446701648467
3850,-0.8267740903029713
3851,-0.8296238274457912
3852,-0.7744831957613754
3853,-0.7437779152665279
3854,-0.7059152516354837
3855,-0.6294602564112196
3856,-0.636080107580681
3857,-0.597326134178151
3858,-0.6043720568291601
3859,-0.6191467442529585
3860,-0.5555614158412062
3861,-0.5482024289749384
3862,-0.48405780614667915
3863,-0.5145558393019617
3864,-0.5644147387012388
3865,-0.5468026301841854
3866,-0.62618731446808
3867,-0.5462113419952763
3868,-0.5177525764169556
3869,-0.575595761410631
3870,-0.6375663105419673
3871,-0.6791344087041594
3872,-0.6612352731355016
3873,-0.6798316947968188
3874,-0.6866565718719496
3875,-0.7099689713954699
3876,-0.6899869295353676
3877,-0.6999085022993525
3878,-0.6646994182840313
3879,-0.6783600511209102
3880,-0.7243261378383797
3881,-0.6858862537121856
3882,-0.6828442704560076
3883,-0.6713526731282975
3884,-0.7077238251256197
3885,-0.7850605228851598
3886,-0.8219488752820018
3887,-0.8482835282802077
3888,-0.7470763102035937
3889,-0.7627925209525888
3890,-0.8139861485685214
3891,-0.7312559933577535
3892,-0.7207293667845828
3893,-0.7765554131219276
3894,-0.7698869907470213
3895,-0.7306613499005332
3896,-0.7273237507844609
3897,-0.6898727357054412
3898,-0.6231863562102401
3899,-0.5972731329351116
3900,-0.5736758270098041
3901,-0.5385798103044999
3902,-0.4914079039027387
3903,-0.5594395602476301
3904,-0.5076709151200012
3905,-0.534143301647182
3906,-0.5944551810243159
3907,-0.6691970500008573
3908,-0.7326524301585909
3909,-0.7003486341331393
3910,-0.7301002340412203
3911,-0.6970390513663942
3912,-0.6431543606944494
3913,-0.6455706391355521
3914,-0.6825157105882412
3915,-0.7124567731050887
3916,-0.7163163319956202
3917,-0.6872398308118808
3918,-0.7017594617108339
3919,-0.7019651461781523
3920,-0.6484151594712866
3921,-0.6067575988475331
3922,-0.5519686131878798
3923,-0.5256036528739321
3924,-0.5288292142264778
3925,-0.5818798635780308
3926,-0.5827781723642876
3927,-0.5234948475222162
3928,-0.5132671159389607
3929,-0.4689166036904178
3930,-0.5232734482370721
3931,-0.5742053109200452
3932,-0.4834834562739425
3933,-0.5455150495048973
3934,-0.5455065455721024
3935,-0.49641385858603304
3936,-0.5063676861642298
3937,-0.4410077168951564
3938,-0.4065028017478506
3939,-0.4526945136046852
3940,-0.47879891086765475
3941,-0.4469771494948581
3942,-0.37700778146547786
3943,-0.3573167319849498
3944,-0.3460792810877235
3945,-0.41725358339667634
3946,-0.3575033015933462
3947,-0.3063949144265997
3948,-0.4023655450205641
3949,-0.46726140441038366
3950,-0.5115062102711032
3951,-0.5401326464229649
3952,-0.572659556457143
3953,-0.47152716515921705
3954,-0.47870604612298656
3955,-0.4533735792143418
3956,-0.4391075929480568
3957,-0.45496181676238967
3958,-0.4457697039240783
3959,-0.4633607107064136
3960,-0.44881546872926287
3961,-0.45111367983493306
3962,-0.4100603387145564
3963,-0.4257138862839309
3964,-0.4899885966734638
3965,-0.4225137670423759
3966,-0.3566733428149479
3967,-0.2575784335271185
3968,-0.2347236096332734
3969,-0.30863735084565397
3970,-0.2729974115736329
3971,-0.2561621910984269
3972,-0.3095687413487358
3973,-0.3028356856992185
3974,-0.28575547270592005
3975,-0.3017220898935279
3976,-0.3133753202850778
3977,-0.3559368812023627
3978,-0.390606889543564
3979,-0.37141757733690073
3980,-0.3374473264686816
3981,-0.30423257555323824
3982,-0.22574961440495428
3983,-0.16676098773458145
3984,-0.16042919284409007
3985,-0.17277040631501311
3986,-0.24349711758463105
3987,-0.2875048693578767
3988,-0.24993094843743363
3989,-0.22260212220286632
3990,-0.2917617969469774
3991,-0.22108455502376115
3992,-0.13187337081019343
3993,-0.15981419363174226
3994,-0.1562392460516637
3995,-0.1583885560383833
3996,-0.12696608050849628
3997,-0.0011607340094976076
3998,0.03371414177948891
3999,0.01876667714171284
4000,0.04627641349872974
4001,0.030422381322524356
4002,0.005802566595814341
4003,0.07008202346817809
4004,-0.021416105559728893
4005,-0.045438492281986556
4006,-0.05194927397029043
4007,-0.07858417807244746
4008,-0.13634398861314348
4009,-0.13554514506860227
4010,-0.17482818391544103
4011,-0.18693416857321618
4012,-0.16030865041429038
4013,-0.16062226599754284
4014,-0.2192565279735872
4015,-0.24878076029911014
4016,-0.2819699062229317
4017,-0.3048327631904706
4018,-0.26511446714106424
4019,-0.21132944126558514
4020,-0.12537318412556492
4021,-0.12096472185149858
4022,-0.11994365818798716
4023,-0.1291383829296233
4024,-0.1358514941722587
4025,-0.14404934554884108
4026,-0.16471998513312702
4027,-0.13318427629426183
4028,-0.2618879725359074
4029,-0.28637810721258644
4030,-0.26193486091557
4031,-0.23248170720765501
4032,-0.21407342736166124
4033,-0.20718011086317203
4034,-0.22646697097064122
4035,-0.18402458340619812
4036,-0.23730704789838084
4037,-0.27298139547929395
4038,-0.3282473860831455
4039,-0.25397455270273434
4040,-0.16688201406931127
4041,-0.2595514773603374
4042,-0.2557683940231545
4043,-0.3259603044970521
4044,-0.32843506125691285
4045,-0.35301874171181946
4046,-0.3520968920558764
4047,-0.3799222096857104
4048,-0.42213072691307774
4049,-0.4095468638677706
4050,-0.41851709874992926
4051,-0.45915290133493564
4052,-0.4431243866757248
4053,-0.40755255490737063
4054,-0.4091933208394001
4055,-0.44019578664415204
4056,-0.3907962251190376
4057,-0.447152495706251
4058,-0.44066533541029784
4059,-0.4920044156352846
4060,-0.5046382589209054
4061,-0.5658702983457407
4062,-0.6005591318287211
4063,-0.5572343784429342
4064,-0.5326800043510805
4065,-0.5653881603588343
4066,-0.5462827899001839
4067,-0.49961003197396237
4068,-0.4944285391633493
4069,-0.38855599526774914
4070,-0.29965624870151597
4071,-0.21301875142203278
4072,-0.21188552270631375
4073,-0.24221551807001895
4074,-0.2782580273969967
4075,-0.30053062709712236
4076,-0.32259734053658917
4077,-0.28500871608762907
4078,-0.21695832131201853
4079,-0.25640093060938385
4080,-0.18544502815915734
4081,-0.13807525340222962
4082,-0.1628860563244575
4083,-0.18236941552939306
4084,-0.19548800520876533
4085,-0.22248340075387438
4086,-0.17044122636929415
4087,-0.14165649065793387
4088,-0.11751272937649868
4089,-0.08423498694704466
4090,-0.11661417962082908
4091,-0.2224122606346027
4092,-0.1530819602249365
4093,-0.09374965526422496
4094,-0.17706268007862758
4095,-0.19042566804632893
